bean_name,brand_name,capacity_g,price,image_url,flavor_notes,product_detail,origin,variety,processing_method,review_summary,decaf,blend_type,roast_level,acidity,balance,bitter,body,sweet,flavor
상품명:과테말라 안티구아 SHB 산미없는 고소한 당일로스팅 커피 원두홀빈 200g,커피그대로,200g,"판매가:9,000원",https://www.coffeegdero.com/web/product/medium/202309/94b86104f7ff5939abf636c6c7c1a14d.jpg,"다크초콜릿, 구운빵, 캐라멜, 갈색설탕, 호두, 스모키, 코코넛, 은은한 산미, 달콤 깔끔한 마무리, 묵직한 바디","상세정보 반품/교환정보 리뷰 (7,102) 상품Q&A (1) ## 커피원두 판매가 조정안내 ## 최근 세계적으로 생두가격, 환율, 수급 문제로 불가피하게 가격 인상이 진행중입니다. 최대한 최소 마진으로 보답하기위해 노력하겠습니다. 이점 널리 양해 바랍니다. 커피그대로고객만을 위한 등급혜택 갓볶은 원두만 배송 드리기 위한 일정! ※ 오전 9시 이전 주문은 당일 로스팅 출고합니다. ※ 오전 9시 이후 주문은 익일 로스팅 출고합니다. ※ 금요일 오전 9시 이후.. 월요일 로스팅 출고 ! ※ 토, 일, 공휴일 주문은 익일 평일 로스팅 출고합니다 ! 과테말라 안티구아 SHB 산미없는 갓볶은 당일로스팅 커피 원두 200g 500g 1kg 활화산의 강인함을 담은 스모키커피 과테말라 안티구아 SHB 활화산 후에고가 제공하는 미네랄과 무기질을 머금은 안띠구아는 고소한 호두를 넣은 진한 다크초콜릿 같아 단맛이 그야말로 일품입니다. 그래서인지 한국인에게 매우 많은 사랑을 받는 커피입니다. 정말 그 지역의 풍토가 커피에 그대로 담겨 부드럽고 소박하지만 그 안의 강인함은 매우 매력적인 커피입니다. ㅡ 활화산의 스모키, 고소하고 진한 다크초콜릿, 묵직한 바디감 ㅡ 커핑노트 다크초콜릿, 구운빵, 캐라멜, 갈색설탕, 호두, 스모키, 코코넛, 은은한 산미, 달콤 깔끔한 마무리, 묵직한 바디 생산지역 : Guatemala Antigua / 재배고도 : 1,700m 품종 : Caturra Bourbon / 재배시기 : 11~4월 / 가공방식 : Washed ㅡ 과테말라 커피 등급 S H B 과테말라 커피는 재배고도와 함께 결점두의 개수를 기준으로 등급을 구분합니다. 아래 표와 같이, 높은 고도에서 재배된 생두가 높은 등급을 받게 되는데, 이것은 생두의 재배 기간과 연관이 있습니다. 고도가 높은 지역 일수록 낮과 밤의 기온차이가 커지고, 생두가 하루에 성장하는 속도는 기온차이가 적은 저지대 보다 상대적으로 느려지게 됩니다. 따라서, 생두 재배 기간은 그만큼 늘어나게 되고, 천천히 오랫동안 성장하면서 풍부한 일조량과 영양분을 흡수하기 때문에 더 좋은 등급의 커피가 생산되게 됩니다. 따라서 과테말라 커피는 스크린사이즈가 크다고 등급이 높은것이 아닌 것입니다. ㅡ 과테말라 안티구아 로스팅 포인트 커피그대로는 과테말라 안티구아를 약간 다크하게 로스팅 했습니다. 사실 조금 덜 볶아도 그 맛과 향은 뛰어나지만 묵직한 바디감의 단맛을 가진 스모크커피를 구현하는것이 안티구아의 매력이라 생각했습니다. * 약배전, 빠른속도 = (산미)신맛, 콩향 증가 * 강배전, 느린속도 = 쓴맛, 단맛, 바디감 증가 ★ 서로 상대적입니다. 산미(신맛)이 증가하면 바디감 쓴맛이 줄고, 바디감이 증가하면, 산미(신맛)과 콩향이 줄어듭니다. ㅡ 화산의 나라 과테말라 1750년 과테말라에 유입된 선교사들에 의해 처음 소개된 후, 1821년 스페인 식민지에서 독립하며 활발히 이주해왔던 독일 이주민들에 의해 정식산업으로 발전했습니다. 과테말라는 2000년 이후 스페셜티 커피 시장을 이끌며 성장하기 시작했으며, 현재 전체 인구의 1/4이 커피산업에 종사하고 있고 수출품목의 1/3이상을 커피가 차지하고 있는 등 과테말라의 주요 국가산업으로 자리 잡았습니다. 과테말라 커피는 지역에 따라서 맛의 차이가 있지만 과일향과 스모키한 향미를 보여주는 경우가 많은데, 그 중 스모키한 맛과 향은 과테말라의 화산토양으로 인한 것입니다. 과테말라의 태평양 연안에는 무려 33개의 화산이 있으며, 활발한 화산 활동으로 축척된 풍부한 유,무기질의 토양으로 고품질의 커피재배에 좋은 환경을 갖추고 있습니다. 분쇄선택 교환 및 반품 안내 주문 후 바로 로스팅하는 방식이므로 고객님의 주문실수, 단순변심 으로 인한 교환 및 반품이 불가 하오니 양해 부탁드립니다. 커피그대로는 과테말라 안티구아를 약간 다크하게 로스팅 했습니다.
사실 조금 덜 볶아도 그 맛과 향은 뛰어나지만 묵직한 바디감의 단맛을 가진 스모크커피를 구현하는것이 안티구아의 매력이라 생각했습니다.",Guatemala Antigua /,Caturra Bourbon /,Washed, 리뷰 로 보는 활용 가이드 이 커피는 고소한 향과 묵직한 바디감이 돋보입니다. 신선한 원두로 인한 풍부한 향이 사용자들에게 사랑받고 있습니다. 고소한 향 묵직한 바디감 신선한 원두 풍부한 향 사용자 유형 — 고소한 커피향과 묵직한 맛을 선호하는 커피 애호가 구매 이유 — 신선하고 고소한 커피를 찾기 위해 활용 방식 — 아침에 방문 손님에게 제공하거나 개인적으로 즐김 사용 시점 — 아침 시간이나 손님 방문 시 위 내용은 구매자들의 후기를 바탕으로 요약되었습니다.,FALSE,single_origin,6,1,3,3.5,4,4,3
상품명:에티오피아 코케허니 예가체프 G1 스페셜티 당일로스팅 커피 원두홀빈 200g,커피그대로,200g,"판매가:11,800원",https://www.coffeegdero.com/web/product/medium/202309/9f95377106ae2f79fa4515fed6305175.jpg,"포도, 꿀, 오렌지, 초콜릿, 자스민 / 달콤한 산미, 부드러운 촉감, 부드러운 바디","상세정보 반품/교환정보 리뷰 (6,903) 상품Q&A (2) ## 커피원두 판매가 조정안내 ## 최근 세계적으로 생두가격, 환율, 수급 문제로 불가피하게 가격 인상이 진행중입니다. 최대한 최소 마진으로 보답하기위해 노력하겠습니다. 이점 널리 양해 바랍니다. 커피그대로고객만을 위한 등급혜택 갓볶은 원두만 배송 드리기 위한 일정! ※ 오전 9시 이전 주문은 당일 로스팅 출고합니다. ※ 오전 9시 이후 주문은 익일 로스팅 출고합니다. ※ 금요일 오전 9시 이후.. 월요일 로스팅 출고 ! ※ 토, 일, 공휴일 주문은 익일 평일 로스팅 출고합니다 ! 에티오피아 코케허니 예가체프 G1 스페셜티 당일로스팅 커피 원두 200g 500g 1kg 2010년 SCAA에서 로스터들이 선택한 커피부문 1위 코케 허니 Koke라는 이름은 코케 허니의 주 생산지인 에티오피아 예가체프 북동부에 위치한 작은 마을 이름이다. Honey는 가공방식 중 하나인 허니 프로세스를 뜻한다. 허니 프로세스는 함께 자연건조하는 과정으로 진행되는데, 이 때 단맛이 생긴다. 커피체리의 당도를 체크한 뒤 완전히 익은 체리만을 수확하는 방식이기 때문에 특유의 단맛과 감칠맛을 지니게 된다. 그래서인지, 한국인이 매우 좋아하는 커피중 하나이다. 2010년 SCAA에서 로스터들이 선택한 커피부문 1위 를 차지하기도 하였다. 에티오피아 코케허니의 허니 프로세싱 과정 ㅡ 허니 프로세싱의 달콤함, 강한 산미의 부드러운 바디감 ㅡ 커핑노트 포도, 꿀, 오렌지, 초콜릿, 자스민 / 달콤한 산미, 부드러운 촉감, 부드러운 바디 에티오피아 코케 생산지역 : Ethiopia Yirgacheffe / 재배고도 : 1,900m 품종 : Heirloom / 재배시기 : 1월 / 가공방식 : Honey ㅡ 에티오피아 코케 허니 커피 등급 G 1 . S p e c i a l t y 에티오피아의 커피 등급은 ECX 품질등급과 수출등급 두 가지 과정을 거쳐 분류된다. ECX(Ethiopia Commodity Exchange)는 에티오피아 현지에 지역별로 있는 농산물 선물거래소로, 생두 모양/크기 등 외관과 클리컵/산미/향/바디까지 따져 1차 커핑 점수를 매긴 후, 71점 이상(G3이상)이면 스페셜티 분류를 위해 2차 커핑을 다시 실시한다. 그 후 본사 ECX에서 진행하는 경매를 거쳐, 수출되기 전 CQIC(Coffee Quality Inspection Center)에서 수출을 위한 등급이 매겨진다. 우리가 흔히 알고 있는 등급은 CQIC에서 부여한 수출등급이며, 결점두의 포함정도를 축정해 등급을 구분한다. 에티오피아의 커피 등급은 생두 300g 당 결점두(defect)의 수에 따라 8등급으로 나뉜다. 결점두는 생두의 재배나 가공과정에서 생긴 비정상적 생두로, 커피의 품질을 떨어뜨린다. ㅡ 코케 허니 로스팅 포인트 커피그대로는 코 케허니를 약배전으로 빠르게 로스팅합니다. 따라서 신맛, 콩향이 높아지고 쓴맛 바디감이 약해집니다. * 약배전, 빠른속도 = (산미)신맛, 콩향 증가 * 강배전, 느린속도 = 쓴맛, 단맛, 바디감 증가 ★ 서로 상대적입니다. 산미(신맛)이 증가하면 바디감 쓴맛이 줄고, 바디감이 증가하면, 산미(신맛)과 콩향이 줄어듭니다. 코케허니는 빠른로스팅에도 불구하고 우수한 콩의 품질과 허니 프로세싱으로 단맛이 좋다. ㅡ 에티오피아를 커피의 고향이라고 하는 이유 .. 커피의 시작은 6~7세기경 에티오피아의 칼디(Kaldi)라는 목동에 의해 처음 발견되었다고 알려져 있다. 이것은 이른바 ‘칼디의 전설’이라 불리는 이야기로 별다른 이견 없이 정설로 받아들여지고 있다. 염소들이 빨간 열매(berry)를 따 먹고 흥분하여 뛰어다니는 광경을 목격한 칼디는 자신도 이 열매를 먹어보게 되었고, 그 결과 머리가 맑아지고 기분이 좋아지고 졸음을 방지하는 등 수양에 도움이 되는 신비의 열매로 알려지면서 커피는 여러 사원으로 퍼져 나갔고 이슬람 세력의 확장과 더불어 커피는 전 세계로 퍼져 나가게 되었다. Kaldi, Dancing Goats and the Discovery of the Coffee Bean ㅡ 에티오피아 예가체프(Yirgacheffe)가 유명한 이유.. 예가체프는 에티오피아 남부 SNNP(South Nations Nationalities and People)지역 내, 게데오존(Gedeo Zone)에 위치한 마을 입니다. 예가체프, 코케, 아리차, 콩가와 같이 국내 소비자들에게 널리 알려진 고급 스페셜티 커피들이 생산되는 지역이며 특히, 예가체프는 ‘커피의 귀부인’이라는 애칭이 붙을 정도로 세련된 꽃 향기와 달콤하면서 기분 좋은 산미, 부드러운 바디감으로 널리 사랑 받고 있다. 대부분의 지역이 해발고도 1,800m 이상의 고지대이며, 비옥한 적색토양과 따뜻한 날씨 덕분에 커피재배에 훌륭한 조건을 갖추고 있고, 대부분의 농장은 전통적인 방법을 고수하며 가족단위로 운영되고 있다. 예가체프는 콩의 모양이 일정치 않습니다. 예가체프는 병충해에 빈약하여 강한 농약을 사용할 수 없다. 대부분 사람손이 많이 타며 그로인해 자연커피 그 자체이다. 간 혹 예가체프의 콩이 크고 작고 비틀어졌다하여 좋지 않은 콩이라 착각하는 분들도 계신데, 이는 자연농법으로만 재배하기에 크기나 모양이 일정치 않은것이다. 분쇄선택 교환 및 반품 안내 주문 후 바로 로스팅하는 방식이므로 고객님의 주문실수, 단순변심 으로 인한 교환 및 반품이 불가 하오니 양해 부탁드립니다.",Ethiopia Yirgacheffe /,Heirloom /,Honey,리뷰 로 보는 활용 가이드 이 커피는 과일향과 산미가 조화를 이뤄 풍부한 맛을 제공합니다. 산미를 선호하는 사용자들로부터 높은 평가를 받고 있습니다. 과일향 산미 풍부한 맛 부드러움 사용자 유형 — 산미를 즐기는 커피 애호가 구매 이유 — 산미와 향이 뛰어난 커피를 찾기 위해 활용 방식 — 여러 번 재구매하여 일상적으로 소비 사용 시점 — 매일 아침 커피로 즐기기에 적합 위 내용은 구매자들의 후기를 바탕으로 요약되었습니다.,FALSE,single_origin,2,5,2.5,7,2,4.5,4
상품명:100 아라비카 블렌딩 롱로이 당일로스팅 커피 원두홀빈 200g,커피그대로,200g,"판매가:9,300원",https://www.coffeegdero.com/web/product/medium/202309/6fdd36f5f8d7c40b6ff3634bf1fcd782.jpg,"다크초콜릿, 사과, 우유, 파인애플 / 긴 후미, 묵직한 바디감, 깔끔한 후미","상세정보 반품/교환정보 리뷰 (4,204) 상품Q&A (2) ## 커피원두 판매가 조정안내 ## 최근 세계적으로 생두가격, 환율, 수급 문제로 불가피하게 가격 인상이 진행중입니다. 최대한 최소 마진으로 보답하기위해 노력하겠습니다. 이점 널리 양해 바랍니다. 커피그대로고객만을 위한 등급혜택 갓볶은 원두만 배송 드리기 위한 일정! ※ 오전 9시 이전 주문은 당일 로스팅 출고합니다. ※ 오전 9시 이후 주문은 익일 로스팅 출고합니다. ※ 금요일 오전 9시 이후.. 월요일 로스팅 출고 ! ※ 토, 일, 공휴일 주문은 익일 평일 로스팅 출고합니다 ! 100%아라비카 블렌딩 롱로이(신맛없는) 고소한 당일로스팅 커피원두 200g 500g 1kg 100% 아라비카 블렌딩 롱로이 케냐 AA PLUS 특유의 깔끔하고 세련된 단맛을 시작으로 깊은 단맛의 과테말라 안띠구아와 고소한 초콜릿의 콜롬비아 수프리모를 최적의 비율로 배합한 블렌드. 100% 아라비카로만 구성하여 고급스러운 단맛과 풍미를 경험할 수 있습니다. 고소, 달콤, 담백, 세련미 합니다. 구수, 흙, 둔탁하다 보기는 어렵습니다. (구수한 흙내음은 브라질이 좋습니다.) ㅡ 케냐 AA PLUS의 세련된 단맛에 은은하고 고소한 초콜릿 ㅡ 커핑노트 다크초콜릿, 사과, 우유, 파인애플 / 긴 후미, 묵직한 바디감, 깔끔한 후미 ㅡ 블렌딩 롱로이 로스팅 포인트 커피그대로는 롱로이를 산미(신맛)없는 원두로 로스팅합니다. 전체적인 로스팅을 비교적 천천히하여 과도한 쓴맛을 줄이고 단맛과 고소함 그리고 부드러움을 강조한 블렌드입니다. * 약배전, 빠른속도 = (산미)신맛, 콩향 증가 * 강배전, 느린속도 = 쓴맛, 단맛, 바디감 증가 ★ 서로 상대적입니다. 산미(신맛)이 증가하면 바디감 쓴맛이 줄고, 바디감이 증가하면, 산미(신맛)과 콩향이 줄어듭니다. 분쇄선택 교환 및 반품 안내 주문 후 바로 로스팅하는 방식이므로 고객님의 주문실수, 단순변심 으로 인한 교환 및 반품이 불가 하오니 양해 부탁드립니다. ",,,,"리뷰 로 보는 활용 가이드 이 커피는 신선한 로스팅으로 풍부한 맛과 향을 제공합니다. 사용자들이 매일 즐길 정도로 맛에 대한 만족도가 높습니다. 신선한 로스팅 풍부한 맛과 향 높은 만족도 매일 즐기는 커피 사용자 유형 — 커피 애호가 및 일상에서 커피를 즐기는 사람들 구매 이유 — 신선하고 맛있는 커피를 원하여 활용 방식 — 매일 아침 한 잔씩 내리며 즐김 사용 시점 — 매일 아침, 커피가 필요한 모든 순간 위 내용은 구매자들의 후기를 바탕으로 요약되었습니다.",FALSE,blend,6,0.5,3,3.5,4,5,2.5
상품명:디카페인커피 에티오피아 짐마 마운틴워터 원두홀빈 200g,커피그대로,200g,"판매가:14,200원",https://www.coffeegdero.com/web/product/medium/202309/c707c2d60cb8653013a49ad68634b62a.jpg,"청포도, 녹차, 카라멜","상세정보 반품/교환정보 리뷰 (165) 상품Q&A (2) ## 커피원두 판매가 조정안내 ## 최근 세계적으로 생두가격, 환율, 수급 문제로 불가피하게 가격 인상이 진행중입니다. 최대한 최소 마진으로 보답하기위해 노력하겠습니다. 이점 널리 양해 바랍니다. 커피그대로고객만을 위한 등급혜택 갓볶은 원두만 배송 드리기 위한 일정! ※ 오전 9시 이전 주문은 당일 로스팅 출고합니다. ※ 오전 9시 이후 주문은 익일 로스팅 출고합니다. ※ 금요일 오전 9시 이후.. 월요일 로스팅 출고 ! ※ 토, 일, 공휴일 주문은 익일 평일 로스팅 출고합니다 ! 커피그대로 디카페인 커피 원두는 커피 본연의 맛과 향을 그대로 유지합니다. 멕시코에서 가장 높은 산 (Pico de Orizaba ; 피코 데 오리사다)의 천연 빙하수를 이용한 98% 디카페인 화학물질 없이 자연친화적인 마운틴 워터프로세스 방식으로 천연 빙하수 를 사용해 카페인의 98% 를 안전하게 제거 (Pico de Orizaba ; 피코 데 오리사다) 마운틴 워터 프로세싱 : Mountain Water Processing 멕시코에서 가장 높은 화산(Pico de Orizaba ; 피코 데 오리사다) 빙하의 맑고 깨끗한 물을 사용하여 카페인을 제거하는 고유한 프로세싱 으로 카페인을 추출하기 위해서는 생두를 개발한 물에 침전시킵니다. 이러한 물은 카페인을 제거할 수 있는 성분이 함유되어 있으며, 용해된 카페인 물은 카페인을 제거하기 위해 탄소필터를 통해 흐르며 걸러지게 됩니다. 이렇게 하면 카페인은 제거 되지만 풍미와 향미의 성분은 온전히 남아있는 “coffee solid soluble(가용성 고형물) charged water”가 됩니다. 이러한 과정을 통해 98% 카페인이 제거됩니다. 마운틴 워터 프로세스 공정을 거친 생두는 수용성 향미와 커피 오일의 재침투로 맛과 향을 그대로 보존합니다. 인체유해성이 적고 카페인 제거율도 높아 선호되는 방식으로 뜨거운 물로 생두가 가지고 있는 카페인과 향미성분을 분리시킨 뒤 탄소 필터로 카페인만을 걸러내고 남은 생두 추출물을 이용하는데, 앞서 분리된 향미성분 추출물에 새로운 커피 생두를 집어넣어 삼투압 방식으로 생두가 지닌 카페인만 용해시킵니다. 따라서 새로 투입된 생두는 향미 성분을 잃지 않으면서도 카페인을 제거할 수 있게 됩니다. 디카페인 커피라고 해서 카페인이 100% 제거된 것은 아니며, 1-2% 정도의 양은 남아 있어도 카페인이 없는 커피로 분류합니다. 디카페인 커피는 진짜 카페인이 없나요? 디카페인 커피는 카페인을 98%이상 제거한 커피 로 커피 한 잔(원두 10g)당 약 0.66mg 정도의 카페인이 들어있습니다. 하루 카페인 섭취 허용량 성인 : 400mg / 임산부 : 300mg / 청소년 : 125mg *추출하는 원두량에 따라 카페인 함량은 달라질 수 있습니다. * 디카페인 원두 유의사항 디카페인 원두는 특성상 일반 원두에 비해 색상이 어둡습니다. 카페인을 추출하는 과정에서 생두의 색이 검게 변하게 되는데 맛과 향에는 문제가 없지만 로스팅을 하고나면 일반 커피 원두보다 검고 오일도 많이 나옵니다. 커피그대로는 100% 당일 로스팅하여 발송하기 때문에 오래되거나 잘못 로스팅된 것이 아니니 안심하고 섭취하셔도 됩니다. 01) 에티오피아 짐마 G4 마운틴 워터 디카페인 산뜻한 산미(신맛)와 고소한 단맛의 조화로움 커핑노트 청포도, 녹차, 카라멜 생산지역 : Ethiopia Djimmah / 재배고도 : 1,700~2,200m 품종 : Heirloom / 재배시기 : 10~2월 / 가공방식 : Decaf Mountain Water ㅡ 에티오피아 짐마 로스팅 포인트 커피그대로는 디카페인 에티오피아를 중강배전으로 로스팅 했습니다. 그래서 산뜻한 산미(신맛)와 적절한 바디감이 조화롭게 어울립니다. * 약배전, 빠른속도 = (산미)신맛, 콩향 증가 * 강배전, 느린속도 = 쓴맛, 단맛, 바디감 증가 ★ 서로 상대적입니다. 산미(신맛)이 증가하면 바디감 쓴맛이 줄고, 바디감이 증가하면, 산미(신맛)과 콩향이 줄어듭니다. ㅡ 에티오피아를 커피의 고향이라고 하는 이유 .. 커피의 시작은 6~7세기경 에티오피아의 칼디(Kaldi)라는 목동에 의해 처음 발견되었다고 알려져 있습니다. 이것은 이른바 ‘칼디의 전설’이라 불리는 이야기로 별다른 이견 없이 정설로 받아들여지고 있습니다. 염소들이 빨간 열매(berry)를 따 먹고 흥분하여 뛰어다니는 광경을 목격한 칼디는 자신도 이 열매를 먹어보게 되었고, 그 결과 머리가 맑아지고 기분이 좋아지고 졸음을 방지하는 등 수양에 도움이 되는 신비의 열매로 알려지면서 커피는 여러 사원으로 퍼져 나갔고 이슬람 세력의 확장과 더불어 커피는 전 세계로 퍼져 나가게 되었습니다. 02) 과테말라 SHB 마운틴 워터 디카페인 풍부한 바디감과 부드러운 산미, 달콤한 풍미 커핑노트 시트러스, 사탕수수, 아몬드, 호두, 견과류 생산지역 : Guatemala Various Regions / 재배고도 : 1,350m 품종 : Caturra, Catuai, Bourbon / 재배시기 : 10~2월, 4~6월 / 가공방식 : Washed ㅡ 과테말라 커피 등급 S H B 과테말라 커피는 재배고도와 함께 결점두의 개수를 기준으로 등급을 구분합니다. 아래 표와 같이, 높은 고도에서 재배된 생두가 높은 등급을 받게 되는데, 이것은 생두의 재배 기간과 연관이 있습니다. 고도가 높은 지역 일수록 낮과 밤의 기온차이가 커지고, 생두가 하루에 성장하는 속도는 기온차이가 적은 저지대 보다 상대적으로 느려지게 됩니다. 따라서, 생두 재배 기간은 그만큼 늘어나게 되고, 천천히 오랫동안 성장하면서 풍부한 일조량과 영양분을 흡수하기 때문에 더 좋은 등급의 커피가 생산되게 됩니다. 따라서 과테말라 커피는 스크린사이즈가 크다고 등급이 높은것이 아닌 것입니다. ㅡ 과테말라 SHB 디카페인 로스팅 포인트 커피그대로는 디카페인 과테말라를 약간 다크하게 로스팅 했습니다. 사실 조금 덜 볶아도 그 맛과 향은 뛰어나지만 묵직한 바디감의 단맛을 가질 수 있게 했습니다. * 약배전, 빠른속도 = (산미)신맛, 콩향 증가 * 강배전, 느린속도 = 쓴맛, 단맛, 바디감 증가 ★ 서로 상대적입니다. 산미(신맛)이 증가하면 바디감 쓴맛이 줄고, 바디감이 증가하면, 산미(신맛)과 콩향이 줄어듭니다. ㅡ 화산의 나라 과테말라 1750년 과테말라에 유입된 선교사들에 의해 처음 소개된 후, 1821년 스페인 식민지에서 독립하며 활발히 이주해왔던 독일 이주민들에 의해 정식산업으로 발전했습니다. 과테말라는 2000년 이후 스페셜티 커피 시장을 이끌며 성장하기 시작했으며, 현재 전체 인구의 1/4이 커피산업에 종사하고 있고 수출품목의 1/3이상을 커피가 차지하고 있는 등 과테말라의 주요 국가산업으로 자리 잡았습니다. 과테말라 커피는 지역에 따라서 맛의 차이가 있지만 과일향과 스모키한 향미를 보여주는 경우가 많은데, 그 중 스모키한 맛과 향은 과테말라의 화산토양으로 인한 것입니다. 과테말라의 태평양 연안에는 무려 33개의 화산이 있으며, 활발한 화산 활동으로 축척된 풍부한 유,무기질의 토양으로 고품질의 커피재배에 좋은 환경을 갖추고 있습니다. 분쇄선택 교환 및 반품 안내 주문 후 바로 로스팅하는 방식이므로 고객님의 주문실수, 단순변심 으로 인한 교환 및 반품이 불가 하오니 양해 부탁드립니다.",Ethiopia Djimmah /,Heirloom /,Decaf Mountain Water,"리뷰로 보는 활용 가이드
이 커피는 디카페인 원두임에도 일반 원두 못지않은 풍부한 향과 깊은 맛으로 높은 만족도를 보이고 있습니다. 특히 부드럽고 달달한 맛, 신선한 로스팅, 풍부한 향에 대한 긍정적인 평가가 많으며, 카페인 부담 없이 하루 여러 잔 즐기기 좋다는 의견이 많습니다. 디카페인 특유의 밋밋함이 적고 맛과 향의 완성도가 높아 재구매율 또한 높은 편입니다.

디카페인임에도 뛰어난 맛과 향
부드럽고 달달한 풍미
신선한 로스팅과 빠른 배송
높은 재구매율과 만족도
카페인 부담 없이 즐기기 좋은 커피

사용자 유형
— 카페인 부담 없이 커피를 즐기고 싶은 사람
— 디카페인 원두에서도 맛과 향을 중요하게 생각하는 커피 애호가
— 하루 여러 잔 커피를 마시는 사용자

구매 이유
— 디카페인 특유의 부족한 맛 대신 풍부한 향과 바디감을 기대하여 구매
— 신선한 원두와 합리적인 가격에 대한 만족
— 재구매 후기와 추천 리뷰 기반 구매

활용 방식
— 아침 아메리카노 및 일상 홈카페용
— 저녁 시간 가족과 함께 즐기는 디카페인 커피
— 드립, 에스프레소 등 다양한 추출 방식 활용

사용 시점
— 출근 전 아침 커피
— 저녁 시간 카페인 부담 없이 즐기는 커피
— 하루 중 커피가 필요한 모든 순간",TRUE,single_origin,5,2,3,3,3,3,2
상품명:케냐 AA PLUS 아이히더 프리미엄 당일로스팅 커피 원두홀빈 200g,커피그대로,200g,"판매가:13,700원",https://www.coffeegdero.com/web/product/medium/202309/4c3404cbc69ff7b15cefff08668a4e4e.jpg,"라임, 다크초콜릿, 복숭아, 홍차, 오렌지, 캐슈넛, 아몬드 / 달콤한 산미, 부드러운 촉감, 훌륭한 바디감","상세정보 반품/교환정보 리뷰 (2,308) 상품Q&A (0) ## 커피원두 판매가 조정안내 ## 최근 세계적으로 생두가격, 환율, 수급 문제로 불가피하게 가격 인상이 진행중입니다. 최대한 최소 마진으로 보답하기위해 노력하겠습니다. 이점 널리 양해 바랍니다. 커피그대로고객만을 위한 등급혜택 갓볶은 원두만 배송 드리기 위한 일정! ※ 오전 9시 이전 주문은 당일 로스팅 출고합니다. ※ 오전 9시 이후 주문은 익일 로스팅 출고합니다. ※ 금요일 오전 9시 이후.. 월요일 로스팅 출고 ! ※ 토, 일, 공휴일 주문은 익일 평일 로스팅 출고합니다 ! 케냐 AA PLUS 아이히더 프리미엄 당일로스팅 커피 원두 200g 500g 1kg 서늘한 기후의 비옥한 토양이 만들어낸 케냐의 고급스러움! 고지대의 서늘한 기후로 인해 건조과정이 서서히 진행되어 아이히더만의 특징인 싱그러움을 더 매력적으로 발산합니다. 입안 가득 느껴지는 좋은 감촉과 깔끔한 마무리의 라임 산미와 훌륭한 바디감의 부드러운 촉감이 뛰어납니다. ㅡ 라임의 깔끔한 산미와 다크초콜릿의 부드러운 바디감 ㅡ 커핑노트 라임, 다크초콜릿, 복숭아, 홍차, 오렌지, 캐슈넛, 아몬드 / 달콤한 산미, 부드러운 촉감, 훌륭한 바디감 생산지역 : Kenya Nyeri / 재배고도 : 1,800m 품종 : SL28, SL34 RUIRU11 / 재배시기 : 1월 / 가공방식 : Washed ㅡ 케냐 커피 등급 A A . P L U S 케냐커피협회(Coffee Board of Kenya)가 지정한 등급은 첫째, 생두의 크기(Screen Size)를 기준으로 구분하고, 추가로 밀도와 형태를 확인해 부여합니다. 보통 생두 크기가 크면 좋은 등급을 부여하는데, 크기나 모양을 가지고 등급을 매기는 것은 단지, 수입과 수출을 위한 기준일뿐이며, 그 자체가 커피의 맛과 품질을 충분히 표현해 주진 못합니다. 때문에 AA 등급의 커피가 반드시 맛과 품질이 가장 우수한 커피라고 단정 지을 수 없습니다. 이에 따라 케냐 수출 업체들은 정해진 스크린사이즈 등급기준과 함께, 자체적인 분류 방식을 적용하여 추가적인 생두 등급을 부여합니다. 이를 위해 생두 형태와 결점두의 많고 적음으로 품질을 확인하고, 커핑으로 향미, 바디, 밸런스 등의 맛을 감정해, 품질과 맛이 우수한 커피 순으로 TOP, PLUS, FAQ 등급을 부여하게 됩니다. ㅡ 케냐 아이히더 로스팅 포인트 커피그대로는 케냐 아이히더를 프리미업급에 맞는 중배전으로 로스팅합니다. 따라서 약간의 산미와 너무 무겁지 않은 세련된 바디감이 고소함을 더 느끼게 해줍니다. * 약배전, 빠른속도 = (산미)신맛, 콩향 증가 * 강배전, 느린속도 = 쓴맛, 단맛, 바디감 증가 ★ 서로 상대적입니다. 산미(신맛)이 증가하면 바디감 쓴맛이 줄고, 바디감이 증가하면, 산미(신맛)과 콩향이 줄어듭니다. ㅡ 모차르트의 클라리넷 협주곡 (아웃오브아프리카 ost) 클라리넷 선율과 케냐 커피 한모금으로 깊은 여운을 남깁니다. ㅡ 광활하고 아름다운 케냐, 키암부 19세기 후반 에티오피아를 통해 처음 커피를 도입한 케냐는 합리적인 재배, 가공, 판매 시스템과 국가 차원의 품질개발, 기술교육을 통해 아프리카를 대표하는 커피생산국으로 인정받고 있습니다. 대부분 1,500m 이상의 고원지대에서 커피를 재배하고 적절한 토양과 강수량, 기온 등 커피 재배에 이상적인 자연조건을 갖고 있습니다. 커피의 수확은 6월 중순 ~ 12월경이며, 재배 품종은 아라비타 습식법을 이용하여 가공합니다. 커피 농가는 단위 협동조합으로 구성되어 있고, 정부 산하기관인 케냐커피협회(Coffee Board of Kenya)에서 품종개발, 경작실습, 기술지도 등 적극적인 커피산업정책을 지원하고 있다. 특히 세계적으로 신뢰받는 케냐의 커피 경매 시스템은 케냐커피수출입협회(KCTA : Kenya Coffee-Traders Association)에서 주관하고 있습니다. 커피 경매에서는 라이센스를 가진 딜러들이 경매 대상 커피의 샘플을 로스팅하여 감정결과를 발표하고 이를 바탕으로 경매에 등록되어 높은 가격으로 거래되고 있습니다. KCTA : Kenya Coffee-Traders Association 분쇄선택 교환 및 반품 안내 주문 후 바로 로스팅하는 방식이므로 고객님의 주문실수, 단순변심 으로 인한 교환 및 반품이 불가 하오니 양해 부탁드립니다. ",Kenya Nyeri /,"SL28, SL34 RUIRU11 /",Washed,리뷰 로 보는 활용 가이드 이 커피는 풍부한 향과 신선함으로 많은 사람들에게 사랑받고 있습니다. 사용자들은 고소한 맛과 깔끔한 마무리를 극찬하고 있습니다. 풍부한 향 신선함 고소한 맛 깔끔한 마무리 사용자 유형 — 커피 애호가 구매 이유 — 풍부한 향과 신선함을 찾는 사람들 활용 방식 — 매일 아침 신선한 커피를 즐김 사용 시점 — 아침이나 커피 타임 위 내용은 구매자들의 후기를 바탕으로 요약되었습니다.,FALSE,single_origin,5,2.5,4,3,3,3.5,3
상품명:코스타리카 따라주 SHB 프리미엄 당일로스팅 커피 원두홀빈 200g,커피그대로,200g,"판매가:9,900원",https://www.coffeegdero.com/web/product/medium/202309/97441a35bec698ba5a1d37d297d2c89f.jpg,"땅콩, 시나몬, 갈색설탕, 달콤한 빵, 은은한 산미, 견과류 같은 달콤함, 은은한 꽃 향","상세정보 반품/교환정보 리뷰 (1,857) 상품Q&A (0) ## 커피원두 판매가 조정안내 ## 최근 세계적으로 생두가격, 환율, 수급 문제로 불가피하게 가격 인상이 진행중입니다. 최대한 최소 마진으로 보답하기위해 노력하겠습니다. 이점 널리 양해 바랍니다. 커피그대로고객만을 위한 등급혜택 갓볶은 원두만 배송 드리기 위한 일정! ※ 오전 9시 이전 주문은 당일 로스팅 출고합니다. ※ 오전 9시 이후 주문은 익일 로스팅 출고합니다. ※ 금요일 오전 9시 이후.. 월요일 로스팅 출고 ! ※ 토, 일, 공휴일 주문은 익일 평일 로스팅 출고합니다 ! 코스타리카 따라주 SHB 프리미엄 당일로스팅 커피 원두 200g 500g 1kg 테라로사 토양, 온화한 기후, 고산지대 그리고 카리브해의 바람까지! 커피 재배에 최적화된 코스타리카는 테라로사 토양, 온화한 기후, 고산지대 그리고 카리브해의 바람까지 더해져 균형감각이 뛰어난 커피입니다. (테라로사 토양 : 철, 마그네슘 등의 미네랄이 풍부해 발작물이 자라기 좋음). 달콤하면서도 고소한 풍미로 훌륭한 단맛에 더해지는 부드러운 산미가 일품입니다. ㅡ 깊은 단맛의 와인 향미, 균형감각이 뛰어난 커피의 진주 ㅡ 커핑노트 땅콩, 시나몬, 갈색설탕, 달콤한 빵, 은은한 산미, 견과류 같은 달콤함, 은은한 꽃 향 생산지역 : Tarrzu / 재배고도 : 1,650m 품종 : Caturra, Catuai / 재배시기 : 1~2월 / 가공방식 : Washed ㅡ 코스타리카 커피 등급 S H B 코스타리카의 생두 품질 등급은 재배지 고도에 따라 8등급으로 나뉘어 집니다. 고도가 높을 수록 일교차가 커 생두의 조직이 단단하고 향미가 짙습니다. 해발 1200~1600m사이에서 재배한 커피를 SHB로 표시하고 최상급으로 분류합니다. ㅡ 따라주 SHB 로스팅 포인트 커피그대로는 코스타리카 따라주를 중배전으로 로스팅합니다. 따라서 적절한 바디감과 단맛이 조화롭게 어울립니다. * 약배전, 빠른속도 = (산미)신맛, 콩향 증가 * 강배전, 느린속도 = 쓴맛, 단맛, 바디감 증가 ★ 서로 상대적입니다. 산미(신맛)이 증가하면 바디감 쓴맛이 줄고, 바디감이 증가하면, 산미(신맛)과 콩향이 줄어듭니다. ㅡ 풍요로운 해변의 나라, 코스타리카 아메리카 대륙에서 가장 가난한고 비참한 스페인 식민지라고 평가될 만큼 코스타리카는 매우 가난한 나라 중 하나였습니다. 1821년, 약 300년 동안의 스페인 식민지 지배에서 독립한 코스타리카 정부는 커피를 국가의 주요 수풀 품목으로 선정하고 본격적인 커피 재배를 시작했습니다. 그 결과, 매년 커피 수출량이 지속적으로 증가하였고, 커피 산업은 관광 산업에 이어 코스타리카의 효자 산업으로 자리 잡았습니다. 대성양과 태평양이 만나는 지점에 위치한 코스타리카는 북위 8~12도에 위치해 있으며, 열대성 기후를 보이고 건기와 우기가 뚜렷한 특징을 가지고 있습니다. 아울러 국토의 대부분이 무기질이 풍부한 화산성 토양으로 덮여 있어 커피 재배에 최적화된 자연환경을 갖추고 있습니다. 분쇄선택 교환 및 반품 안내 주문 후 바로 로스팅하는 방식이므로 고객님의 주문실수, 단순변심 으로 인한 교환 및 반품이 불가 하오니 양해 부탁드립니다.",Tarrzu /,"Caturra, Catuai /",Washed,"리뷰로 보는 활용 가이드

이 커피는 깔끔하면서도 고소하고 풍부한 맛으로 꾸준한 재구매가 이어지는 원두입니다. 특히 향이 좋고 쓰지 않으며, 단맛과 고소한 여운이 오래 남는다는 평가가 많았습니다. 신선한 로스팅과 빠른 배송에 대한 만족도도 높으며, 홈카페·라떼·더치커피 등 다양한 방식으로 활용되고 있습니다. 부담 없이 매일 마시기 좋은 데일리 커피로 평가받고 있으며, 재구매와 장기 이용 후기가 매우 많은 것이 특징입니다.

깔끔하고 고소한 풍미
단맛과 긴 여운
쓰지 않고 부드러운 밸런스
신선한 로스팅과 빠른 배송
높은 재구매율과 꾸준한 만족도
홈카페 및 더치커피 활용도 높음

사용자 유형
— 매일 부담 없이 마실 데일리 원두를 찾는 사용자
— 고소하고 깔끔한 스타일을 선호하는 홈카페 이용자
— 다양한 원두를 시도하며 취향을 찾는 커피 애호가

구매 이유
— 향과 맛의 밸런스가 좋아 꾸준히 재구매
— 합리적인 가격 대비 높은 만족도
— 쓰지 않고 부드러운 맛과 고소한 풍미 때문

활용 방식
— 아메리카노 및 홈카페용 원두
— 라떼 및 더치커피 추출용
— 여러 원두와 블렌딩하여 활용

사용 시점
— 매일 아침 커피 한 잔
— 집이나 직장에서 일상적으로 즐기는 커피
— 홈카페 및 여유로운 휴식 시간",FALSE,single_origin,5,2,3.5,3,3,3.5,3
상품명:원두 5kg 대용량 카페 사무실 도매 아라비카 커피콩 블렌딩 롱로이 당일로스팅 홀빈,커피그대로,5kg,"판매가:25,600원",https://www.coffeegdero.com/web/product/medium/202502/c4f198c11a5c913aafda64920158bb32.png,none,"상세정보 반품/교환정보 리뷰 (19) 상품Q&A (0) ## 커피원두 판매가 조정안내 ## 최근 세계적으로 생두가격, 환율, 수급 문제로 불가피하게 가격 인상이 진행중입니다. 최대한 최소 마진으로 보답하기위해 노력하겠습니다. 이점 널리 양해 바랍니다. 커피그대로고객만을 위한 등급혜택 갓볶은 원두만 배송 드리기 위한 일정! ※ 오전 9시 이전 주문은 당일 로스팅 출고합니다. ※ 오전 9시 이후 주문은 익일 로스팅 출고합니다. ※ 금요일 오전 9시 이후.. 월요일 로스팅 출고 ! ※ 토, 일, 공휴일 주문은 익일 평일 로스팅 출고합니다 ! 커피 원두 선택 (1kg당 3% 할인 된 가격) ㅣ 블렌딩 원두 2종 산미없는(강배전) 블렌딩원두 B01) 100 아라비카 블렌딩 롱로이 _ 25,600원 산미약한(중배전) 블렌딩원두 B02) 100 아라비카 블렌딩 모아나 _ 26,500원 ㅣ 싱글오리진 원두 12종 산미없는(강배전) 블렌딩원두 S01) 브라질 산토스 NY2 _ 22,000원 S02) 브라질 세하도 파인컵 NY2 _ 22,200원 S03) 브라질 옐로우버번 술데미나스 _ 27,500원 S04) 과테말라 안티구아 SHB _ 24,600원 S05) 콜롬비아 수프리모 후일라 _ 24,900원 S06) 인도네시아 만델링 G1 _ 26,700원 산미약한(중강배전) 원두 S07) 코스타리카 따라주 SHB _ 26,800원 산미약한(약중배전) 원두 S09) 에티오피아 예가체프 G2 _ 24,000원 ㅣ 블렌딩 원두 2종 산미없는(강배전) 블렌딩원두 B01.100%아라비카 블렌딩 롱로이 산미약한(중배전) 블렌딩원두 B02.100%아라비카 블렌딩 모아나 ㅣ 싱글오리진 원두 12종 산미없는(강배전) 원두 S01.브라질 산토스 파인컵 NY2 S02.브라질 세하도 파인컵 NY2 S03. 브라질 옐로우버번 술데미나스 S04.과테말라 안티구아 SHB S05.콜롬비아 후일라 수프리모 S06.인도네시아 만델링 G1 산미약한(중강배전) 원두 S07.코스타리카 따라주 SHB 산미약한(약중배전) 원두 S09.에티오피아 예가체프 G2 분쇄선택 교환 및 반품 안내 주문 후 바로 로스팅하는 방식이므로 고객님의 주문실수, 단순변심 으로 인한 교환 및 반품이 불가 하오니 양해 부탁드립니다.",,,,NONE,FALSE,blend,none,none,none,none,none,none,none
상품명:에티오피아 예가체프 G2 하이커머셜 당일로스팅 커피 원두홀빈 200g,커피그대로,200g,"판매가:9,000원",https://www.coffeegdero.com/web/product/medium/202309/d6299c959c7011c3d98f0a23c43fc681.jpg,"바닐라, 꿀, 자스민, 초콜릿, 갈색설탕 / 부드럽고 균형 잡힌 산미, 달콤한 여운, 오래 지속되는 후미","상세정보 반품/교환정보 리뷰 (1,316) 상품Q&A (0) ## 커피원두 판매가 조정안내 ## 최근 세계적으로 생두가격, 환율, 수급 문제로 불가피하게 가격 인상이 진행중입니다. 최대한 최소 마진으로 보답하기위해 노력하겠습니다. 이점 널리 양해 바랍니다. 커피그대로고객만을 위한 등급혜택 갓볶은 원두만 배송 드리기 위한 일정! ※ 오전 9시 이전 주문은 당일 로스팅 출고합니다. ※ 오전 9시 이후 주문은 익일 로스팅 출고합니다. ※ 금요일 오전 9시 이후.. 월요일 로스팅 출고 ! ※ 토, 일, 공휴일 주문은 익일 평일 로스팅 출고합니다 ! 에티오피아 예가체프 G2 하이커머셜 당일로스팅 커피원두 200g 500g 1kg 부드럽고 달콤함 예가체프 G2! 띠에라는 스페인어로 '땅', '대지'를뜻하며, 달콤한 후미와 부드러움이 탁월합니다. 부드러운 바디감에 달콤함 바닐라 향의 조화를 맛 볼 수 있습니다. 바디감이 좋고 부드러워 블렌딩에도 많이 사용됩니다. ㅡ 부드러운 산미와 바디감에 달콤한 바닐라의 조화 ㅡ 커핑노트 바닐라, 꿀, 자스민, 초콜릿, 갈색설탕 / 부드럽고 균형 잡힌 산미, 달콤한 여운, 오래 지속되는 후미 생산지역 : Ethiopia Yirgacheffe / 재배고도 : 2,200m 품종 : Heirloom / 재배시기 : 11~2월 / 가공방식 : Washed ㅡ 에티오피아 예가체프 커피 등급 G 2 . P R E M I U M 에티오피아의 커피 등급은 ECX 품질등급과 수출등급 두 가지 과정을 거쳐 분류됩니다. ECX(Ethiopia Commodity Exchange)는 에티오피아 현지에 지역별로 있는 농산물 선물거래소로, 생두 모양/크기 등 외관과 클리컵/산미/향/바디까지 따져 1차 커핑 점수를 매긴 후, 71점 이상(G3이상)이면 스페셜티 분류를 위해 2차 커핑을 다시 실시합니다. 그 후 본사 ECX에서 진행하는 경매를 거쳐, 수출되기 전 CQIC(Coffee Quality Inspection Center)에서 수출을 위한 등급이 매겨집니다. 우리가 흔히 알고 있는 등급은 CQIC에서 부여한 수출등급이며, 결점두의 포함정도를 축정해 등급을 구분합니다. 에티오피아의 커피 등급은 생두 300g 당 결점두(defect)의 수에 따라 8등급으로 나뉜다. 결점두는 생두의 재배나 가공과정에서 생긴 비정상적 생두로, 커피의 품질을 떨어뜨립니다. ㅡ 예가체프 G2 로스팅 포인트 커피그대로는 예가체프 G2를 중배전으로 빠르게 로스팅합니다. 따라서 적당한 신맛과 꽃향 그리고 가벼운 바디감이 좋습니다. * 약배전, 빠른속도 = (산미)신맛, 콩향 증가 * 강배전, 느린속도 = 쓴맛, 단맛, 바디감 증가 ★ 서로 상대적입니다. 산미(신맛)이 증가하면 바디감 쓴맛이 줄고, 바디감이 증가하면, 산미(신맛)과 콩향이 줄어듭니다. ㅡ 에티오피아를 커피의 고향이라고 하는 이유 .. 커피의 시작은 6~7세기경 에티오피아의 칼디(Kaldi)라는 목동에 의해 처음 발견되었다고 알려져 있습니다. 이것은 이른바 ‘칼디의 전설’이라 불리는 이야기로 별다른 이견 없이 정설로 받아들여지고 있습니다. 염소들이 빨간 열매(berry)를 따 먹고 흥분하여 뛰어다니는 광경을 목격한 칼디는 자신도 이 열매를 먹어보게 되었고, 그 결과 머리가 맑아지고 기분이 좋아지고 졸음을 방지하는 등 수양에 도움이 되는 신비의 열매로 알려지면서 커피는 여러 사원으로 퍼져 나갔고 이슬람 세력의 확장과 더불어 커피는 전 세계로 퍼져 나가게 되었습니다. Kaldi, Dancing Goats and the Discovery of the Coffee Bean ㅡ 에티오피아 예가체프(Yirgacheffe)가 유명한 이유.. 예가체프는 에티오피아 남부 SNNP(South Nations Nationalities and People)지역 내, 게데오존(Gedeo Zone)에 위치한 마을 입니다. 예가체프, 코케, 아리차, 콩가와 같이 국내 소비자들에게 널리 알려진 고급 스페셜티 커피들이 생산되는 지역이며 특히, 예가체프는 ‘커피의 귀부인’이라는 애칭이 붙을 정도로 세련된 꽃 향기와 달콤하면서 기분 좋은 산미, 부드러운 바디감으로 널리 사랑 받고 있습니다. 대부분의 지역이 해발고도 1,800m 이상의 고지대이며, 비옥한 적색토양과 따뜻한 날씨 덕분에 커피재배에 훌륭한 조건을 갖추고 있고, 대부분의 농장은 전통적인 방법을 고수하며 가족단위로 운영되고 있습니다. 예가체프는 콩의 모양이 일정치 않습니다. 예가체프는 병충해에 빈약하여 강한 농약을 사용할 수 없습니다. 대부분 사람손이 많이 타며 그로인해 자연커피 그 자체입니다. 간 혹 예가체프의 콩이 크고 작고 비틀어졌다하여 좋지 않은 콩이라 착각하는 분들도 계신데, 이는 자연농법으로만 재배하기에 크기나 모양이 일정치 않은 것입니다. 분쇄선택 교환 및 반품 안내 주문 후 바로 로스팅하는 방식이므로 고객님의 주문실수, 단순변심 으로 인한 교환 및 반품이 불가 하오니 양해 부탁드립니다.",Ethiopia Yirgacheffe /,Heirloom /,Washed,"리뷰로 보는 활용 가이드
이 커피는 에티오피아 예가체프 특유의 베리류 과일향과 은은한 꽃향이 매력적인 원두로, 향미 중심의 깔끔한 커피를 선호하는 사용자들에게 높은 만족도를 보이고 있습니다. 특히 신선한 당일 로스팅 덕분에 향이 풍부하게 살아 있으며, 산미가 과하지 않고 부드럽게 표현된다는 평가가 많았습니다. 드립커피로 추출했을 때 향이 특히 돋보이며, 사무실이나 홈카페 공간 전체에 커피 향이 퍼질 정도로 아로마 만족도가 높은 편입니다.


베리류 과일향과 자스민 계열 꽃향


깔끔하고 산뜻한 끝맛


과하지 않은 부드러운 산미


신선한 당일 로스팅


드립 추출 시 뛰어난 향 표현


높은 재구매 의사와 만족도


사용자 유형
— 과일향과 꽃향 중심의 향미형 커피를 좋아하는 사용자
— 산미 있는 원두를 부담 없이 즐기고 싶은 홈카페 이용자
— 드립커피와 핸드드립을 즐기는 커피 애호가
구매 이유
— 예가체프 특유의 향긋한 향미를 기대하여 구매
— 깔끔한 맛과 풍부한 아로마에 대한 높은 평가
— 신선한 로스팅과 안정적인 원두 품질 때문
활용 방식
— 핸드드립 및 드립커피용
— 가볍고 산뜻한 아메리카노 스타일
— 향미 중심 홈카페 커피
사용 시점
— 아침이나 오후의 가벼운 커피 타임
— 향긋한 커피가 필요한 집중 시간
— 홈카페 및 사무실 드립커피용",FALSE,blend,4,2,3,2,3,3.5,3
상품명:브라질 옐로우버번 펄프드 내추럴 NY2 당일로스팅 원두홀빈 200g,커피그대로,200g,"판매가:10,000원",https://www.coffeegdero.com/web/product/medium/202309/3263bffa9a67411f6fb2978210dde747.jpg,"갈색설탕, 구운밤, 호박, 피칸, 완두콩, 토스트, 해바라기씨 / 부드러운 산미, 긴 후미, 훌륭한 바디감","상세정보 반품/교환정보 리뷰 (2,340) 상품Q&A (0) ## 커피원두 판매가 조정안내 ## 최근 세계적으로 생두가격, 환율, 수급 문제로 불가피하게 가격 인상이 진행중입니다. 최대한 최소 마진으로 보답하기위해 노력하겠습니다. 이점 널리 양해 바랍니다. 커피그대로고객만을 위한 등급혜택 갓볶은 원두만 배송 드리기 위한 일정! ※ 오전 9시 이전 주문은 당일 로스팅 출고합니다. ※ 오전 9시 이후 주문은 익일 로스팅 출고합니다. ※ 금요일 오전 9시 이후.. 월요일 로스팅 출고 ! ※ 토, 일, 공휴일 주문은 익일 평일 로스팅 출고합니다 ! 브라질 옐로우버번 술데미나스 펄프드 내추럴 NY2 달콤한 커피원두 200g 500g 1kg 노란색 체리가 품고 있는 달콤한 매력, 옐로우 버본 술데미나스! 잘 익은 체리일수록 노란색을 띄는 옐로우 버본의 풍미, 고소한 호박 토스트가 느껴지고 고소한 갈색설탕의 깊고 풍부한 달콤함이 매력적입니다. 옐로우버본은 버본 품종에서도 가장 높은 품질을 자랑하며, 재배가 까다롭고 생산량도 적습니다. ㅡ 노란색 체리의 옐로우 버본 매력, 호박과 토스트의 고소하고 풍부한 달콤함 ㅡ 커핑노트 갈색설탕, 구운밤, 호박, 피칸, 완두콩, 토스트, 해바라기씨 / 부드러운 산미, 긴 후미, 훌륭한 바디감 생산지역 : Brazil Sul de Minas / 재배고도 : 1,200m 품종 : Yellow Bourbon / 재배시기 : 5~9월 / 가공방식 : Pulped Natural ㅡ 브라질 옐로우 버본 술데미나스 커피 등급 N Y 2 . F I N E C U P 브라질 커피등급은 뉴욕무역거래소(NYBOT : New York Board of Trading)의 기준에 따라 분류합니다. 먼저 아래의 분류 기준에 따라 생두 샘플 300g안에 포함된 결점두의 종류와 개수에 따라 측정값을 확인하고 커핑을 통해 생두의 맛을 평가한 뒤 커피의 향미에 따라 다시 한번 분류가 이루어 지는데 스페셜티 등급을 의미하는 'Fine Cup'과 프리미엄, 커머셜 등급에 해당하는 'Good Cup' 두 가지 단계로 분류됩니다. 커핑을 통해 SS 등급으로 분류되어도 반드시 'Fine Cup'으로 분류되는 것은 아니며, 향미의 전반적인 품질이 우수할 때에만 'FC'등급을 받을 수 있습니다. ㅡ 옐로우버본 술데미나스 로스팅 포인트 커피그대로 노란색 체리인 옐로우버번은 그 성질이 약해 약한불에 천천히 볶습니다. 그로 인해 부드러운 단맛과 고급스러운 구수함이 좋습니다. * 약배전, 빠른속도 = (산미)신맛, 콩향 증가 * 강배전, 느린속도 = 쓴맛, 단맛, 바디감 증가 ★ 서로 상대적입니다. 산미(신맛)이 증가하면 바디감 쓴맛이 줄고, 바디감이 증가하면, 산미(신맛)과 콩향이 줄어듭니다. ㅡ 세계 최대의 커피 생산국 브라질 브라질은 전세계 커피 생산량의 1/3을 차지하고 있으며, 150년 동안 최대 커피 생산국의 위치로서 오랜시간동안 많은 커피 애호가들의 사랑을 받고 있습니다. 브라질의 생두의 커피등급은 뉴욕무역거래소(NYBOT: NewYork Board of Trading)의 기준에 따라 분류합니다. 샘플 300g 안에 포함된 결점두의 종류와 갯수에 따라 측정값을 확인하고, 측정값에 해당하는 등급을 부여합니다. 다음으로 커핑을 통해 생두의 맛을 평가한 뒤 등급을 부여하는데, 가장 좋은 SS 에서부터 RZ까지 총 7단계의 등급으로 구분됩니다.(SS는 Strictly Soft, RZ은 Rio Zone의 줄임말) 이후, 커피의 향미에 따라 다시 한번의 분류가 이뤄지게 되는데, 스페셜티 등급을 의미하는 Fine Cup 과 프리미엄, 커머셜 등급에 해당하는 Good Cup 두 가지 단계로 분류됩니다. 분쇄선택 교환 및 반품 안내 주문 후 바로 로스팅하는 방식이므로 고객님의 주문실수, 단순변심 으로 인한 교환 및 반품이 불가 하오니 양해 부탁드립니다.",Brazil Sul de Minas /,Yellow Bourbon /,Pulped Natural,리뷰 로 보는 활용 가이드 신선한 원두에서 고소한 향과 맛이 두드러집니다. 산미가 적어 다양한 커피와 조화롭게 즐길 수 있습니다. 신선한 원두 고소한 향 낮은 산미 다양한 조화 사용자 유형 — 다양한 커피를 즐기는 애호가 구매 이유 — 신선하고 고소한 맛의 원두를 찾기 위해 활용 방식 — 예가체프와 교대로 즐기며 맛의 변화를 경험 사용 시점 — 특별한 날 또는 여유로운 시간에 위 내용은 구매자들의 후기를 바탕으로 요약되었습니다.,FALSE,single_origin,6,2,3,2.5,3,4,3
상품명:에티오피아 모모라 구지 G1 (워시드) 스페셜티 산미강한 커피 원두홀빈 200g,커피그대로,200g,"판매가:15,200원",https://www.coffeegdero.com/web/product/medium/202309/fc1d0728b9d20615c3d6b413ac600169.jpg,"감귤, 장미, 갈색설탕, 초콜릿, 허브 / 둥글게 감싸 안는 산미, 달콤한 여운, 부드러운 바디","상세정보 반품/교환정보 리뷰 (2,000) 상품Q&A (0) ## 커피원두 판매가 조정안내 ## 최근 세계적으로 생두가격, 환율, 수급 문제로 불가피하게 가격 인상이 진행중입니다. 최대한 최소 마진으로 보답하기위해 노력하겠습니다. 이점 널리 양해 바랍니다. 커피그대로고객만을 위한 등급혜택 갓볶은 원두만 배송 드리기 위한 일정! ※ 오전 9시 이전 주문은 당일 로스팅 출고합니다. ※ 오전 9시 이후 주문은 익일 로스팅 출고합니다. ※ 금요일 오전 9시 이후.. 월요일 로스팅 출고 ! ※ 토, 일, 공휴일 주문은 익일 평일 로스팅 출고합니다 ! 에티오피아 모모라 구지 G1 (워시드) 스페셜티 산미강한 커피 원두 200g 500g 1kg 금보다 귀한 스페셜티, 에티오피아 모모라 구지 워시드! 오직 커피를 위해 금을 포기한 사키소(Shakiso)의 농부들. 커피에 대한 농부들의 자부심과 탁월한 기술력으로 탄생한 스페셜티 모모라 (* 사키소 지역은 금광으로 유명하며, 에티오피아는 연 5억달러 이상의 금을 수출하고 있다.) 감귤 초콜릿의 달콤함을 느낄 수 있는 모모라 워시드, 잘 익은 감귤의 과즙과 초콜릿의 달콤한 여운을 느낄 수 있다. ㅡ 둥글게 감싸 안는 산미의 달콤하고 부드러운 바디감 ㅡ 커핑노트 감귤, 장미, 갈색설탕, 초콜릿, 허브 / 둥글게 감싸 안는 산미, 달콤한 여운, 부드러운 바디 생산지역 : Ethiopia Shakiso / 재배고도 : 2,100m 품종 : Heirloom / 재배시기 : 12~1월 / 가공방식 : Washed ㅡ 에티오피아 모모라 구지 G1 커피 등급 G 1 . S p e c i a l t y 에티오피아의 커피 등급은 ECX 품질등급과 수출등급 두 가지 과정을 거쳐 분류된다. ECX(Ethiopia Commodity Exchange)는 에티오피아 현지에 지역별로 있는 농산물 선물거래소로, 생두 모양/크기 등 외관과 클리컵/산미/향/바디까지 따져 1차 커핑 점수를 매긴 후, 71점 이상(G3이상)이면 스페셜티 분류를 위해 2차 커핑을 다시 실시한다. 그 후 본사 ECX에서 진행하는 경매를 거쳐, 수출되기 전 CQIC(Coffee Quality Inspection Center)에서 수출을 위한 등급이 매겨진다. 우리가 흔히 알고 있는 등급은 CQIC에서 부여한 수출등급이며, 결점두의 포함정도를 축정해 등급을 구분한다. 에티오피아의 커피 등급은 생두 300g 당 결점두(defect)의 수에 따라 8등급으로 나뉜다. 결점두는 생두의 재배나 가공과정에서 생긴 비정상적 생두로, 커피의 품질을 떨어뜨린다. ㅡ 모모라 구지 로스팅 포인트 커피그대로는 모모라 구지를 약배전으로 빠르게 로스팅합니다. 따라서 신맛, 콩향이 높아지고 쓴맛 바디감이 약해집니다. * 약배전, 빠른속도 = (산미)신맛, 콩향 증가 * 강배전, 느린속도 = 쓴맛, 단맛, 바디감 증가 ★ 서로 상대적입니다. 산미(신맛)이 증가하면 바디감 쓴맛이 줄고, 바디감이 증가하면, 산미(신맛)과 콩향이 줄어듭니다. ㅡ 에티오피아를 커피의 고향이라고 하는 이유 .. 커피의 시작은 6~7세기경 에티오피아의 칼디(Kaldi)라는 목동에 의해 처음 발견되었다고 알려져 있다. 이것은 이른바 ‘칼디의 전설’이라 불리는 이야기로 별다른 이견 없이 정설로 받아들여지고 있다. 염소들이 빨간 열매(berry)를 따 먹고 흥분하여 뛰어다니는 광경을 목격한 칼디는 자신도 이 열매를 먹어보게 되었고, 그 결과 머리가 맑아지고 기분이 좋아지고 졸음을 방지하는 등 수양에 도움이 되는 신비의 열매로 알려지면서 커피는 여러 사원으로 퍼져 나갔고 이슬람 세력의 확장과 더불어 커피는 전 세계로 퍼져 나가게 되었다. Kaldi, Dancing Goats and the Discovery of the Coffee Bean ㅡ 에티오피아 예가체프(Yirgacheffe)가 유명한 이유.. 예가체프는 에티오피아 남부 SNNP(South Nations Nationalities and People)지역 내, 게데오존(Gedeo Zone)에 위치한 마을 입니다. 예가체프, 코케, 아리차, 콩가와 같이 국내 소비자들에게 널리 알려진 고급 스페셜티 커피들이 생산되는 지역이며 특히, 예가체프는 ‘커피의 귀부인’이라는 애칭이 붙을 정도로 세련된 꽃 향기와 달콤하면서 기분 좋은 산미, 부드러운 바디감으로 널리 사랑 받고 있다. 대부분의 지역이 해발고도 1,800m 이상의 고지대이며, 비옥한 적색토양과 따뜻한 날씨 덕분에 커피재배에 훌륭한 조건을 갖추고 있고, 대부분의 농장은 전통적인 방법을 고수하며 가족단위로 운영되고 있다. 예가체프는 콩의 모양이 일정치 않습니다. 예가체프는 병충해에 빈약하여 강한 농약을 사용할 수 없다. 대부분 사람손이 많이 타며 그로인해 자연커피 그 자체이다. 간 혹 예가체프의 콩이 크고 작고 비틀어졌다하여 좋지 않은 콩이라 착각하는 분들도 계신데, 이는 자연농법으로만 재배하기에 크기나 모양이 일정치 않은것이다. 분쇄선택 교환 및 반품 안내 주문 후 바로 로스팅하는 방식이므로 고객님의 주문실수, 단순변심 으로 인한 교환 및 반품이 불가 하오니 양해 부탁드립니다.",Ethiopia Shakiso /,Heirloom /,Washed,"리뷰로 보는 활용 가이드
이 커피는 에티오피아 특유의 풍부한 산미와 향이 특징으로, 산미를 선호하는 사용자들에게 특히 높은 만족도를 보이고 있습니다. 부드러우면서도 향과 후미가 진하게 남는다는 평가가 많았으며, 신선한 원두 상태와 풍부한 향에 대한 긍정적인 반응이 꾸준히 나타났습니다. 일부 사용자들은 아이스 아메리카노나 라떼로도 잘 어울린다고 평가했으며, 재구매 후기 또한 많은 편입니다.

풍부한 산미와 향
진하고 오래 남는 후미
신선한 원두 상태
부드러우면서도 강한 맛
높은 재구매 만족도
아이스 커피와 라떼 활용 만족도

사용자 유형
— 산미 있는 커피를 선호하는 사용자
— 에티오피아 계열 향미를 좋아하는 커피 애호가
— 향과 후미를 중요하게 생각하는 홈카페 이용자

구매 이유
— 풍부한 산미와 향 때문
— 진한 후미와 깔끔한 맛에 대한 만족
— 신선한 로스팅과 좋은 원두 품질 때문

활용 방식
— 아이스 아메리카노
— 라떼
— 사무실 및 집에서 일상적으로 음용",FALSE,single_origin,6,4,3,7,3.5,3.5,4
상품명:콜롬비아 후일라 수프리모 고소한 당일로스팅 커피 원두홀빈 200g,커피그대로,200g,"판매가:8,900원",https://www.coffeegdero.com/web/product/medium/202309/eab59889cdd5160a20d6c3ec3d775f18.jpg,"헤이즐넛, 갈색설탕, 바닐라, 초콜릿, 부드러운 산미, 부드러운 달콤함, 묵직한 바디","상세정보 반품/교환정보 리뷰 (671) 상품Q&A (0) ## 커피원두 판매가 조정안내 ## 최근 세계적으로 생두가격, 환율, 수급 문제로 불가피하게 가격 인상이 진행중입니다. 최대한 최소 마진으로 보답하기위해 노력하겠습니다. 이점 널리 양해 바랍니다. 커피그대로고객만을 위한 등급혜택 갓볶은 원두만 배송 드리기 위한 일정! ※ 오전 9시 이전 주문은 당일 로스팅 출고합니다. ※ 오전 9시 이후 주문은 익일 로스팅 출고합니다. ※ 금요일 오전 9시 이후.. 월요일 로스팅 출고 ! ※ 토, 일, 공휴일 주문은 익일 평일 로스팅 출고합니다 ! 콜롬비아 후일라 수프리모 고소한 당일로스팅 홀빈 커피 원두 200g 500g 1kg ㅡ 부드러운 바디감의 훌륭한 밸런스 고소한 마일드커피의 대명사 ㅡ 커핑노트 헤이즐넛, 갈색설탕, 바닐라, 초콜릿, 부드러운 산미, 부드러운 달콤함, 묵직한 바디 생산지역 : Colombia Antioquia / 재배고도 : 1,700m ~ 1,800m 품종 : CASTILLO / 재배시기 : 5~8월(Main), 10~1월(Fly) / 가공방식 : Washed ㅡ 콜롬비아 커피 등급 S u p r e m o 콜롬비아의 커피 등급은 생두의 크기에 따라 4등급으로 나뉘는데 맛의 차이는 거의 없다. 수프리모(Supremo)는 주로 스페셜티커피(Specialty Coffee)에 쓰는 최고급이며, 엑셀소(Excelso)는 수출용 표준등급이다. ㅡ 후일라 수프리모 로스팅 포인트 커피그대로는 후일라 수프리모는 고소한 단맛을 위해 강배전으로 로스팅합니다. 단맛을 올리기 위해 불을 강하게 주입 후 후반부에 불을 줄여 겉이 타서 기분 나쁜 쓴맛이 되지 않도록 합니다. * 약배전, 빠른속도 = (산미)신맛, 콩향 증가 * 강배전, 느린속도 = 쓴맛, 단맛, 바디감 증가 ★ 서로 상대적입니다. 산미(신맛)이 증가하면 바디감 쓴맛이 줄고, 바디감이 증가하면, 산미(신맛)과 콩향이 줄어듭니다. ㅡ 마일드 커피의 대명사! 콜롬비아 커피이야기 유럽 선교사들을 통해 소개되어 1800년대 초부터 커피 경작이 시작되었고, 1900년을 기점으로 세계 최대 커피 생산국가로 발전하였다. 커피를 생산하는 안데스 산맥 지역은 해발고도 1,400m 이상으로 비옥한 화산재토양과 온화한 기후, 적절한 강수량 등 이상적인 재배 조건을 갖추고 있다. 카페테로(Cafetero)라고 불리는 농부들이 습식법(Wet Method)으로 생산하고 수확기는 10~2월과 4~6월 두 번이다. ㅡ 국가적으로 엄격히 관리되는 콜롬비아 커피의 품질 콜롬비아커피생산자협회(Federacion Nacional de Cafeteros de Colomnia, F.N.C)의 철저한 감독하에 로부스타(Robusta)의 재배를 금지하고 Screen size 13 이하의 생두는 수출을 금지하고 있다. 또한, 커피나무의 보호를 위해 자국 내로 들어오는 모든 차량에 유해 박테리아 번식 방지를 위한 소독을 하는 등 적극적인 정책이 마련되어 있다. 분쇄선택 교환 및 반품 안내 주문 후 바로 로스팅하는 방식이므로 고객님의 주문실수, 단순변심 으로 인한 교환 및 반품이 불가 하오니 양해 부탁드립니다.",Colombia Antioquia /,CASTILLO /,Washed,"리뷰로 보는 활용 가이드

이 커피는 산미가 강하지 않으면서도 은은하게 균형 잡힌 맛과 고소한 풍미가 특징인 원두입니다. 볶은 견과류 같은 고소함과 카카오 계열의 쌉싸름한 맛, 깊은 바디감에 대한 긍정적인 평가가 많았으며, 깔끔하고 부드러운 맛 덕분에 부담 없이 즐기기 좋다는 의견이 많았습니다. 특히 향과 신선도, 일관된 품질에 대한 만족도가 높고 재구매 후기가 매우 많은 편입니다.

고소하고 부드러운 풍미
균형 잡힌 은은한 산미
카카오·흑설탕 계열 단맛과 쌉싸름함
깊은 바디감과 깔끔한 맛
신선한 원두 상태와 빠른 배송
높은 재구매율과 만족도

사용자 유형
— 산미가 강하지 않은 고소한 커피를 선호하는 사용자
— 부드럽고 밸런스 좋은 커피를 찾는 홈카페 이용자
— 깊은 바디감과 단맛을 중요하게 생각하는 커피 애호가

구매 이유
— 고소한 맛과 부드러운 밸런스 때문
— 향과 신선도에 대한 높은 만족도
— 꾸준히 재구매할 만큼 안정적인 품질 때문

활용 방식
— 라떼
— 핸드드립
— 홈카페 커피",FALSE,single_origin,6,1.5,3,3.5,3.5,3.5,2.5
상품명:브라질 산토스 NY2 파인컵 산미없는 당일로스팅 커피 원두홀빈 200g,커피그대로,200g,"판매가:8,100원",https://www.coffeegdero.com/web/product/medium/202309/8775e52e29f0bf518529807bdce089c3.jpg," 다크초콜릿, 캐러멜, 갈색설탕, 시나몬, 땅콩 / 부드러운 산미, 훌륭한 바디감","상세정보 반품/교환정보 리뷰 (683) 상품Q&A (0) ## 커피원두 판매가 조정안내 ## 최근 세계적으로 생두가격, 환율, 수급 문제로 불가피하게 가격 인상이 진행중입니다. 최대한 최소 마진으로 보답하기위해 노력하겠습니다. 이점 널리 양해 바랍니다. 커피그대로고객만을 위한 등급혜택 갓볶은 원두만 배송 드리기 위한 일정! ※ 오전 9시 이전 주문은 당일 로스팅 출고합니다. ※ 오전 9시 이후 주문은 익일 로스팅 출고합니다. ※ 금요일 오전 9시 이후.. 월요일 로스팅 출고 ! ※ 토, 일, 공휴일 주문은 익일 평일 로스팅 출고합니다 ! 브라질 산토스 NY2 파인컵 산미없는 당일로스팅 커피 원두 200g 500g 1kg ㅡ 다크초콜릿의 깊고 진한 바디감에 구수한 흙내음 ㅡ 커핑노트 다크초콜릿, 캐러멜, 갈색설탕, 시나몬, 땅콩 / 부드러운 산미, 훌륭한 바디감 생산지역 : Brazil Santos / 재배고도 : 1,300m 품종 : Red Catuai / 재배시기 : 매년 6~10월 / 가공방식 : Natural ㅡ 브라질 커피 등급 N Y 2 . F I N E C U P 브라질 커피등급은 뉴욕무역거래소(NYBOT : New York Board of Trading)의 기준에 따라 분류한다. 먼저 아래의 분류 기준에 따라 생두 샘플 300g안에 포함된 결점두의 종류와 개수에 따라 측정값을 확인하고 커핑을 통해 생두의 맛을 평가한 뒤 커피의 향미에 따라 다시 한번 분류가 이루어 지는데 스페셜티 등급을 의미하는 'Fine Cup'과 프리미엄, 커머셜 등급에 해당하는 'Good Cup' 두 가지 단계로 분류된다. 커핑을 통해 SS 등급으로 분류되어도 반드시 'Fine Cup'으로 분류되는 것은 아니며, 향미의 전반적인 품질이 우수할 때에만 'FC'등급을 받을 수 있다. ㅡ 브라질 산토스 로스팅 포인트 커피그대로는 브라질 산토스를 가장 약한 강배전으로 로스팅합니다. 따라서 쓴맛은 최대한 줄여 브라질 특유의 중후한 바디감을 조금은 가볍게 즐길수 있습니다. * 약배전, 빠른속도 = (산미)신맛, 콩향 증가 * 강배전, 느린속도 = 쓴맛, 단맛, 바디감 증가 ★ 서로 상대적입니다. 산미(신맛)이 증가하면 바디감 쓴맛이 줄고, 바디감이 증가하면, 산미(신맛)과 콩향이 줄어듭니다. ㅡ 세계 최대의 커피 생산국 브라질 브라질은 전세계 커피 생산량의 1/3을 차지하고 있으며, 150년 동안 최대 커피 생산국의 위치로서 오랜시간동안 많은 커피 애호가들의 사랑을 받고 있습니다. 브라질의 생두의 커피등급은 뉴욕무역거래소(NYBOT: NewYork Board of Trading)의 기준에 따라 분류합니다. 샘플 300g 안에 포함된 결점두의 종류와 갯수에 따라 측정값을 확인하고, 측정값에 해당하는 등급을 부여합니다. 다음으로 커핑을 통해 생두의 맛을 평가한 뒤 등급을 부여하는데, 가장 좋은 SS 에서부터 RZ까지 총 7단계의 등급으로 구분됩니다.(SS는 Strictly Soft, RZ은 Rio Zone의 줄임말) 이후, 커피의 향미에 따라 다시 한번의 분류가 이뤄지게 되는데, 스페셜티 등급을 의미하는 Fine Cup 과 프리미엄, 커머셜 등급에 해당하는 Good Cup 두 가지 단계로 분류됩니다. 분쇄선택 교환 및 반품 안내 주문 후 바로 로스팅하는 방식이므로 고객님의 주문실수, 단순변심 으로 인한 교환 및 반품이 불가 하오니 양해 부탁드립니다.",Brazil Santos /,Red Catuai /,Natural,"리뷰로 보는 활용 가이드

이 커피는 산미가 거의 없고 고소하면서 부드러운 풍미가 특징인 원두로 평가받고 있습니다. 산토스 특유의 구수함과 향, 가벼우면서도 부드러운 바디감에 대한 긍정적인 반응이 많았으며, 신선한 원두 상태와 일관된 품질에 대한 만족도도 높은 편입니다. 특히 신맛이 강하지 않은 커피를 선호하는 사용자들에게 좋은 평가를 받고 있으며, 재구매 후기가 매우 많습니다.

산미가 적고 고소한 맛
부드럽고 가벼운 바디감
구수한 풍미와 깊은 향
신선한 원두 상태와 빠른 배송
높은 재구매율과 만족도
가성비에 대한 긍정적 평가

사용자 유형
— 산미 없는 고소한 커피를 선호하는 사용자
— 부드럽고 편하게 마실 수 있는 데일리 커피를 찾는 사람
— 신선한 원두와 안정적인 품질을 중요하게 생각하는 사용자

구매 이유
— 신맛이 적고 고소한 맛 때문
— 향과 신선도에 대한 만족
— 꾸준히 믿고 구매할 수 있는 안정적인 품질 때문

활용 방식
— 따뜻한 커피
— 사무실 및 일상 커피
— 데일리 홈카페 커피",FALSE,single_origin,6,1,2,3,3,3,2
상품명:브라질 FC 세하도 파트로치니오 당일로스팅 원두홀빈 200g,커피그대로,200g,"판매가:8,300원",https://www.coffeegdero.com/web/product/medium/202309/e6520649397135e08503bdd19ff51bbc.jpg,"호두, 캐러멜, 시나몬, 초콜릿, 갈색설탕, 부드러운 산미, 입안을 감싸는 달콤함, 좋은 바디감","상세정보 반품/교환정보 리뷰 (316) 상품Q&A (0) ## 커피원두 판매가 조정안내 ## 최근 세계적으로 생두가격, 환율, 수급 문제로 불가피하게 가격 인상이 진행중입니다. 최대한 최소 마진으로 보답하기위해 노력하겠습니다. 이점 널리 양해 바랍니다. 커피그대로고객만을 위한 등급혜택 갓볶은 원두만 배송 드리기 위한 일정! ※ 오전 9시 이전 주문은 당일 로스팅 출고합니다. ※ 오전 9시 이후 주문은 익일 로스팅 출고합니다. ※ 금요일 오전 9시 이후.. 월요일 로스팅 출고 ! ※ 토, 일, 공휴일 주문은 익일 평일 로스팅 출고합니다 ! 브라질 FC 세하도 파트로치니오 산미없는 커피 원두 200g 500g 1kg AS IT IS BEAN STORY 광활한 초원, 최적의 기후와 비옥한 토양에서 자라난 세하도는 그 부드러움이 탁월하여 어떤커피와 만나도 자연스럽게 그 풍성한 바디감을 더해 줍니다. 가격대비 맛과 향이 매우 훌륭하여 고급 블렌드 베이스에도 적절합니다. 산토스가 강한 흙내음이라면 세라도는 부드러운 흙내음으로 그 향이 사뭇 다릅니다. ㅡ 깊은 흙내음속에 부드럽게 가득 차 오르는 바디감의 후미 ㅡ 커핑노트 호두, 캐러멜, 시나몬, 초콜릿, 갈색설탕, 부드러운 산미, 입안을 감싸는 달콤함, 좋은 바디감 생산지역 : Brazil Cerrado / 재배고도 : 1,300m 품종 : Red, Catuai / 재배시기 : 매년 5월~8월 / 가공방식 : Natural ㅡ 브라질 커피 등급 N Y 2 . F I N E C U P 브라질 커피등급은 뉴욕무역거래소(NYBOT : New York Board of Trading)의 기준에 따라 분류합니다. 먼저 아래의 분류 기준에 따라 생두 샘플 300g안에 포함된 결점두의 종류와 개수에 따라 측정값을 확인하고 커핑을 통해 생두의 맛을 평가한 뒤 커피의 향미에 따라 다시 한번 분류가 이루어 지는데 스페셜티 등급을 의미하는 'Fine Cup'과 프리미엄, 커머셜 등급에 해당하는 'Good Cup' 두 가지 단계로 분류됩니다. 커핑을 통해 SS 등급으로 분류되어도 반드시 'Fine Cup'으로 분류되는 것은 아니며, 향미의 전반적인 품질이 우수할 때에만 'FC'등급을 받을 수 있습니다. ㅡ 브라질 세하도 로스팅 포인트 커피그대로 브라질 세하도는 깊고 넓은 흙내음이 매력적입니다. 꽉차오르는 바디감또한 일품입니다. 커머셜 등급이지만 프리미엄급 이상의 가치를 가진다고해도 과언이 아닙니다. 그 특징을 살리기 위해서 풍부한 바디감과 깊은 흙내음의 아로마를 살리기 위해 DTR 구간의 화력을 적정치로 조금 길게 끌고 갑니다. * 약배전, 빠른속도 = (산미)신맛, 콩향 증가 * 강배전, 느린속도 = 쓴맛, 단맛, 바디감 증가 ★ 서로 상대적입니다. 산미(신맛)이 증가하면 바디감 쓴맛이 줄고, 바디감이 증가하면, 산미(신맛)과 콩향이 줄어듭니다. ㅡ 세계 최대의 커피 생산국 브라질 브라질은 전세계 커피 생산량의 1/3을 차지하고 있으며, 150년 동안 최대 커피 생산국의 위치로서 오랜시간동안 많은 커피 애호가들의 사랑을 받고 있습니다. 브라질의 생두의 커피등급은 뉴욕무역거래소(NYBOT: NewYork Board of Trading)의 기준에 따라 분류합니다. 샘플 300g 안에 포함된 결점두의 종류와 갯수에 따라 측정값을 확인하고, 측정값에 해당하는 등급을 부여합니다. 다음으로 커핑을 통해 생두의 맛을 평가한 뒤 등급을 부여하는데, 가장 좋은 SS 에서부터 RZ까지 총 7단계의 등급으로 구분됩니다.(SS는 Strictly Soft, RZ은 Rio Zone의 줄임말) 이후, 커피의 향미에 따라 다시 한번의 분류가 이뤄지게 되는데, 스페셜티 등급을 의미하는 Fine Cup 과 프리미엄, 커머셜 등급에 해당하는 Good Cup 두 가지 단계로 분류됩니다. 분쇄선택 교환 및 반품 안내 주문 후 바로 로스팅하는 방식이므로 고객님의 주문실수, 단순변심 으로 인한 교환 및 반품이 불가 하오니 양해 부탁드립니다.",Brazil Cerrado /,"Red, Catuai /",Natural,"리뷰로 보는 활용 가이드

이 커피는 산미가 적고 고소하면서 묵직한 풍미가 특징인 원두로 평가받고 있습니다. 브라질 특유의 구수함과 부드러운 맛, 살아있는 향에 대한 긍정적인 반응이 많았으며, 쓴맛 없이 마일드하게 즐기기 좋다는 의견이 많았습니다. 특히 신선한 원두 상태와 향 유지력, 안정적인 맛 덕분에 장기간 재구매하는 사용자 비율이 높은 편입니다.

산미가 적고 고소한 풍미
묵직하고 부드러운 바디감
향이 살아있는 신선한 원두
쓴맛이 적고 마일드한 맛
높은 재구매율과 만족도
가성비와 포장 품질에 대한 긍정적 평가

사용자 유형
— 산미 없는 고소한 커피를 선호하는 사용자
— 부드럽고 편안한 스타일의 커피를 찾는 사람
— 매일 부담 없이 마실 데일리 원두를 원하는 사용자

구매 이유
— 고소하고 묵직한 맛 때문
— 향과 신선도에 대한 만족
— 안정적인 품질과 높은 재구매 만족도 때문

활용 방식
— 라떼
— 따뜻한 커피
— 사무실 커피
— 교회 커피머신용",FALSE,blend,6,1,3,3,3,3,2
상품명:인도네시아 만델링 G1 프리미엄 구수한 당일로스팅 커피 원두홀빈 200g,커피그대로,200g,"판매가:9,500원",https://www.coffeegdero.com/web/product/medium/202309/5be3cbf03437489c2dc3c5e74ce1a637.jpg,"브랜디, 캐러멜, 캐슈넛, 고구마 / 고급스러운 바디감, 실크 같은 촉감","상세정보 반품/교환정보 리뷰 (737) 상품Q&A (0) ## 커피원두 판매가 조정안내 ## 최근 세계적으로 생두가격, 환율, 수급 문제로 불가피하게 가격 인상이 진행중입니다. 최대한 최소 마진으로 보답하기위해 노력하겠습니다. 이점 널리 양해 바랍니다. 커피그대로고객만을 위한 등급혜택 갓볶은 원두만 배송 드리기 위한 일정! ※ 오전 9시 이전 주문은 당일 로스팅 출고합니다. ※ 오전 9시 이후 주문은 익일 로스팅 출고합니다. ※ 금요일 오전 9시 이후.. 월요일 로스팅 출고 ! ※ 토, 일, 공휴일 주문은 익일 평일 로스팅 출고합니다 ! 만델링은 특유의 쿰쿰하고 강한 흙내음의 구수한 커피입니다. (신맛이 없고, 바디감 높은 강배전 커피입니다) ' 처음 접하시는 분들은 싸구려 커피 같다고 느끼실 수 있으니 매니아가 아니시면 구매를 삼가해 주시기 바랍니다 ^^' 인도네시아 만델링 G1 프리미엄 구수한 당일로스팅 커피 원두 200g 500g 1kg 구수한 흙내음에 깊고 진한 바디감의 단맛! 화산으로 형성된 수마트라 섬의 비옥한 토양에서 자란 만델링은 핸드픽의 과정을 기존 더블 픽에서 트리플 픽(Triple Pick)으로 늘려, 그 우수한 품질을 자랑한다. 트리플 픽이란, 3번의 핸드픽으로 결점두, 미성숙된 콩을 걸러내 좋은 품질의 생두만을 생산하는 수작업 공정입니다. ㅡ 강한 흙내음의 바디감에 깊고 진한 달콤함 ㅡ 커핑노트 브랜디, 캐러멜, 캐슈넛, 고구마 / 고급스러운 바디감, 실크 같은 촉감 생산지역 : Sumatra / 재배고도 : 1,600m 품종 : Rasuna / 재배시기 : 9월 / 가공방식 : Wet Hulling ㅡ 인도네시아 커피 등급 G1 인도네시아 커피의 등급은 300g의 생두당 결점두를 기준으로 6등급으로 나누어 부여합니다. 연중 습도가 높고 일조량이 적은 환경 탓에 인도네시아에서는 '길링바샤(Galling Basah)' 혹은 웻 홀링(Wet-Huling)이라는 독특한 가공방식을 사용하기도하는데, 이 방식은 생두의 수분율이 30~40%일 때 파치먼트를 벗겨내고 그린빈 상태로 건조해 수분율을 11%까지 떨어뜨리는 태양건조 방식입니다. 이방식을 통해 건조시간을 절약할 수 있지만, 생두의 외관이 불규칙해지는 단점을 발생시키기도 합니다. => 불규칙한 콩 알갱이를 보고 오래된것 또는 등급이 낮은것 아니냐는 오해를 하지 않으시길 바랍니다. ㅡ 인도네시아 만델링 로스팅 포인트 커피그대로는 만델링을 거의 강배전의 시작점까지 로스팅합니다. 다크한 커피입니다. 신맛의 약배전한 에티오피아의 커피, 수프리모의 고소한 단맛과는 거리가 멀고, 꾸덕꾸덕 구수한 흙냄새(시골냄새)가 강하며 강한 바디감의 단맛이 좋습니다. * 약배전, 빠른속도 = (산미)신맛, 콩향 증가 * 강배전, 느린속도 = 쓴맛, 단맛, 바디감 증가 ★ 서로 상대적입니다. 산미(신맛)이 증가하면 바디감 쓴맛이 줄고, 바디감이 증가하면, 산미(신맛)과 콩향이 줄어듭니다. ㅡ 인도네시아의 커피 이야기 13,000개의 섬으로 구성된 인도네시아는 연간 커피 생산량이 약 35만톤에 이르는 아시아 최대의 커피 생산국입니다. 네덜란드에서 커피나무가 이식되면서 1696년 자바섬에서 부터 커피재배가 시작되었습니다. 인도네시아는 대체로 무기질이 풍부한 화산지형으로 이루어져 있어 커피재배에 이상적이지만, 1877년 커피 녹병(Coffee Leaf Rust)으로 전체 커피농장들이 초토화되면서 병충해에 강한 로부스타 커피(Robusta Coffee)를 주로 재배하게 되었습니다. 인도네시아에서 생산되는 커피의 90%는 남부지역에 치중되어 있으며, 나머지 10%정도가 북부 지역에서 생산됩니다. 인도네시아의 가장 큰 섬인 자바와 수마트라엔 3,000m가 넘는 수많은 화산들이 집중되어 있으며 이러한 화산의 고지대 혹은 분지에서 대다수의 커피가 생산되고 있습니다. 분쇄선택 교환 및 반품 안내 주문 후 바로 로스팅하는 방식이므로 고객님의 주문실수, 단순변심 으로 인한 교환 및 반품이 불가 하오니 양해 부탁드립니다.",Sumatra /,Rasuna /,Wet Hulling,"리뷰로 보는 활용 가이드

이 커피는 산미가 거의 없고 고소하며 구수한 향이 특징인 원두로 평가받고 있습니다. 신맛 없는 깔끔한 맛을 찾던 사용자들에게 만족도가 높았고, 향과 신선도에 대한 긍정적인 후기가 많았습니다. 특히 한 리뷰에서 스타벅스의 맛과 향이 난다고 언급되어, 익숙한 진한 커피 스타일을 선호하는 사용자에게도 잘 맞는 원두로 볼 수 있습니다.

산미가 적고 깔끔한 맛
고소하고 구수한 커피향
스타벅스와 비슷한 맛과 향
신선한 원두 상태
재구매 후기가 많은 원두
편안하고 무난하게 마시기 좋은 맛

사용자 유형
— 신맛 없는 고소한 커피를 선호하는 사용자
— 스타벅스와 비슷한 진한 커피 스타일을 좋아하는 사용자
— 산미에 약한 사용자
— 향이 좋은 원두를 찾는 사용자

구매 이유
— 산미 없는 깔끔한 맛 때문
— 고소한 향과 신선한 원두 상태 때문
— 재구매할 만큼 맛에 대한 만족도가 높아서

활용 방식
— 에스프레소
— 커피머신
— 여러 원두와 섞어서 음용",FALSE,single_origin,7,1,3.5,4,4.5,4,3
상품명:100 아라비카 블렌딩 모아나 산미있는 당일로스팅 커피 원두홀빈 200g,커피그대로,200g,"판매가:10,200원",https://www.coffeegdero.com/web/product/medium/202309/040d379b1e201a693056d81e7e2d3b8d.jpg,"감귤, 장미, 블루베리, 파인애플, 바닐라, 부드러운 바디, 깔끔한 후미","상세정보 반품/교환정보 리뷰 (1,009) 상품Q&A (0) ## 커피원두 판매가 조정안내 ## 최근 세계적으로 생두가격, 환율, 수급 문제로 불가피하게 가격 인상이 진행중입니다. 최대한 최소 마진으로 보답하기위해 노력하겠습니다. 이점 널리 양해 바랍니다. 커피그대로고객만을 위한 등급혜택 갓볶은 원두만 배송 드리기 위한 일정! ※ 오전 9시 이전 주문은 당일 로스팅 출고합니다. ※ 오전 9시 이후 주문은 익일 로스팅 출고합니다. ※ 금요일 오전 9시 이후.. 월요일 로스팅 출고 ! ※ 토, 일, 공휴일 주문은 익일 평일 로스팅 출고합니다 ! 100%아라비카 블렌딩 모아나 산미있는(중간) 당일로스팅 커피 원두 200g 500g 1kg 고객 후기를 바탕으로 깊은 신맛의 바디감과 단맛의 부드러움을 추구했습니다. [산미(신맛)의 바디감이 높았으면하는 의견이 많았습니다] 100% 아라비카 블렌딩 모아나 예가체프의 깊은 산미(신맛), 바닐라향을 시작으로 고소한 단맛의 카우카 수프리모와 부드럽고 깊은 단맛의 브라질 모지아나를 최적의 비율로 중성적 부드러움의 바디감을 가진 블렌드. 100% 아라비카로만 구성하여 우아한 향미와 부드러움을 경험할 수 있다. 신맛이 적당히 있으면서 바디감을 가진 블렌드를 찾으시는 분께 추천한다. ㅡ 둥글둥글 감귤 풍미에 꽉 차 오르는 바디감의 고소한 단맛 ㅡ 커핑노트 감귤, 장미, 블루베리, 파인애플, 바닐라, 부드러운 바디, 깔끔한 후미 ㅡ 블렌딩 모아나 로스팅 포인트 커피그대로는 모아나를 중배전으로 로스팅합니다. 따라서 적당한 산미와 바디감을 동시에 가진 고소하면서 우아한 블렌드를 즐길 수 있습니다. * 약배전, 빠른속도 = (산미)신맛, 콩향 증가 * 강배전, 느린속도 = 쓴맛, 단맛, 바디감 증가 ★ 서로 상대적입니다. 산미(신맛)이 증가하면 바디감 쓴맛이 줄고, 바디감이 증가하면, 산미(신맛)과 콩향이 줄어듭니다. 분쇄선택 교환 및 반품 안내 주문 후 바로 로스팅하는 방식이므로 고객님의 주문실수, 단순변심 으로 인한 교환 및 반품이 불가 하오니 양해 부탁드립니다.",,,,"리뷰로 보는 활용 가이드

이 커피는 적당한 산미와 풍부한 아로마, 고소한 끝맛이 특징인 원두로 평가받고 있습니다. 당일 로스팅으로 인한 신선함과 향에 대한 만족도가 높으며, 특히 라떼와 머신커피용으로 자주 활용된다는 후기가 많았습니다. 산미가 너무 강하지 않아 부담 없이 마시기 좋고, 아메리카노와 라떼 모두 잘 어울린다는 의견이 많아 활용성이 높은 원두로 보입니다.

적당한 산미와 풍부한 아로마
고소하고 깔끔한 끝맛
당일 로스팅 기반 신선한 원두
라떼와 잘 어울리는 풍미
향과 신선도에 대한 높은 만족도
재구매율이 높은 원두

사용자 유형
— 라떼를 자주 마시는 사용자
— 적당한 산미와 아로마를 선호하는 사용자
— 머신커피와 홈카페를 함께 즐기는 사용자
— 신선한 원두와 가성비를 중요하게 생각하는 사용자

구매 이유
— 향과 아로마에 대한 높은 만족도
— 당일 로스팅 기반의 신선함 때문
— 라떼와 아메리카노 모두 잘 어울려서
— 재구매할 만큼 안정적인 맛과 품질 때문

활용 방식
— 라떼
— 바닐라 라떼
— 아메리카노
— 머신커피
— 더치커피",FALSE,blend,5,2.5,3.5,2,3,4,3
상품명:1kg(500g소분) 당일로스팅 고급 아라비카 커피공장 홀빈 원두,커피그대로,1kg,"판매가:22,600원",https://www.coffeegdero.com/web/product/medium/202309/2ea1bd14654c0194c71dbf9b77ed87ae.jpg,none,"상세정보 반품/교환정보 리뷰 (976) 상품Q&A (0) ## 커피원두 판매가 조정안내 ## 최근 세계적으로 생두가격, 환율, 수급 문제로 불가피하게 가격 인상이 진행중입니다. 최대한 최소 마진으로 보답하기위해 노력하겠습니다. 이점 널리 양해 바랍니다. 커피그대로고객만을 위한 등급혜택 갓볶은 원두만 배송 드리기 위한 일정! ※ 오전 9시 이전 주문은 당일 로스팅 출고합니다. ※ 오전 9시 이후 주문은 익일 로스팅 출고합니다. ※ 금요일 오전 9시 이후.. 월요일 로스팅 출고 ! ※ 토, 일, 공휴일 주문은 익일 평일 로스팅 출고합니다 ! ㅣ 싱글오리진 원두 12종 산미없는(강배전) 블렌딩원두 S01) 브라질 산토스 NY2 _ 22,600원 S02) 브라질 세하도 파인컵 NY2 _ 22,800원 S03) 브라질 옐로우버번 술데미나스 _ 28,300원 S04) 과테말라 안티구아 SHB _ 25,300원 S05) 콜롬비아 수프리모 후일라 _ 25,600원 S06) 인도네시아 만델링 G1 _ 27,500원 산미약한(중강배전) 원두 S07) 코스타리카 따라주 SHB _ 27,600원 S08) 케냐 AA PLUS 아이히더 _ 38,300원 산미약한(약중배전) 원두 S09) 에티오피아 예가체프 G2 _ 24,700원 S10) 에티오피아 모모라 구지 G1 _ 39,700원 산미높은(약배전) 원두 S11) 에티오피아 코케허니 G1 _ 33,800원 S12) 에티오피아 아리차 G1 _ 36,800원 ㅣ 블렌딩 원두 3종 산미없는(강배전) 블렌딩원두 B01) 100 아라비카 블렌딩 다크로이 _ 24,500원 산미없는(강배전) 블렌딩원두 B02) 100 아라비카 블렌딩 롱로이 _ 26,300원 산미약한(중배전) 블렌딩원두 B03) 100 아라비카 블렌딩 모아나 _ 27,300원 ㅣ 디카페인원두 2종 산미없는(강배전) 디카페인원두 D01) 디카페인 과테말라 SHB _ 38,500원 산미약한(중배전) 디카페인원두 D02) 디카페인 에티오피아 짐마 G4 _ 37,700원 ㅣ 싱글오리진 원두 12종 산미없는(강배전) 원두 S01.브라질 산토스 파인컵 NY2 S02.브라질 세하도 파인컵 NY2 S03. 브라질 옐로우버번 술데미나스 S04.과테말라 안티구아 SHB S05.콜롬비아 후일라 수프리모 S06.인도네시아 만델링 G1 산미약한(중강배전) 원두 S07.코스타리카 따라주 SHB S08.케냐 아이히더 AA PLUS 산미약한(약중배전) 원두 S09.에티오피아 예가체프 G2 S10.에티오피아 모모라구지 G1 산미높은(약배전) 원두 S11.에티오피아 코케허니 G1 S12.에티오피아 아리차 (내추럴) G1 ㅣ 블렌딩 원두 3종 산미없는(강배전) 블렌딩원두 B01.100%아라비카 블렌딩 다크로이 산미없는(강배전) 블렌딩원두 B02.100%아라비카 블렌딩 롱로이 산미약한(중배전) 블렌딩원두 B03.100%아라비카 블렌딩 모아나 ㅣ 디카페인원두 2종 산미없는(강배전) 디카페인원두 D01) 디카페인 과테말라 SHB 산미약한(중배전) 디카페인원두 D02) 디카페인 에티오피아 짐마 G4 분쇄선택 교환 및 반품 안내 주문 후 바로 로스팅하는 방식이므로 고객님의 주문실수, 단순변심 으로 인한 교환 및 반품이 불가 하오니 양해 부탁드립니다.",,,,NONE,TRUE,blend,none,none,none,none,none,none,none
상품명:100 아라비카 블렌딩 다크로이 당일로스팅 커피 원두홀빈 200g,커피그대로,200g,"판매가:8,900원",https://www.coffeegdero.com/web/product/medium/202507/cf6d76187cced25ac228d93f1fd2d5c4.jpg,"다크초콜릿, 카카오 / 가득한 바디감, 부드러운 단맛","상세정보 반품/교환정보 리뷰 (5) 상품Q&A (0) ## 커피원두 판매가 조정안내 ## 최근 세계적으로 생두가격, 환율, 수급 문제로 불가피하게 가격 인상이 진행중입니다. 최대한 최소 마진으로 보답하기위해 노력하겠습니다. 이점 널리 양해 바랍니다. 커피그대로고객만을 위한 등급혜택 갓볶은 원두만 배송 드리기 위한 일정! ※ 오전 9시 이전 주문은 당일 로스팅 출고합니다. ※ 오전 9시 이후 주문은 익일 로스팅 출고합니다. ※ 금요일 오전 9시 이후.. 월요일 로스팅 출고 ! ※ 토, 일, 공휴일 주문은 익일 평일 로스팅 출고합니다 ! 100%아라비카 블렌딩 다크로이(신맛없는) 고소한 당일로스팅 커피원두 200g 500g 1kg 100% 아라비카 블렌딩 다크로이 깊은 단맛의 브라질 세하도와 고소한 초콜릿의 콜롬비아 수프리모를 최적의 비율로 배합한 블렌드. 100% 아라비카로만 구성하여 깊은 단맛과 풍미를 경험할 수 있습니다. 고소, 달콤, 담백, 세련미 합니다. 구수, 흙, 둔탁하다 보기는 어렵습니다. (구수한 흙내음은 브라질이 좋습니다.) ㅡ 구수함과 깊은 단맛에 고소한 후미 ㅡ 커핑노트 다크초콜릿, 카카오 / 가득한 바디감, 부드러운 단맛 ㅡ 블렌딩 다크로이 로스팅 포인트 커피그대로는 다크로이를 산미(신맛)없는 원두로 로스팅합니다. 전체적인 다크로스팅을 비교적 천천히하여 과도한 쓴맛을 줄이고 높은 바디감과 단맛을 살린 바디감 높은 블렌드입니다. * 약배전, 빠른속도 = (산미)신맛, 콩향 증가 * 강배전, 느린속도 = 쓴맛, 단맛, 바디감 증가 ★ 서로 상대적입니다. 산미(신맛)이 증가하면 바디감 쓴맛이 줄고, 바디감이 증가하면, 산미(신맛)과 콩향이 줄어듭니다. 분쇄선택 교환 및 반품 안내 주문 후 바로 로스팅하는 방식이므로 고객님의 주문실수, 단순변심 으로 인한 교환 및 반품이 불가 하오니 양해 부탁드립니다.",,,,"리뷰로 보는 활용 가이드

- 산미 없는 묵직한 바디감
- 흑설탕·카카오 계열 풍미
- 진하고 깊은 맛
- 저가 커피 체인 대비 높은 만족도
- 라떼와 잘 어울리는 스타일

사용자 유형
— 산미 없는 진한 커피를 선호하는 사용자
— 묵직한 바디감과 다크한 풍미를 좋아하는 사용자

구매 이유
— 진한 바디감과 카카오 계열 풍미 때문
— 가성비 대비 높은 만족도 때문

활용 방식
— 라떼",FALSE,blend,7,0.5,3.5,4,4,4,2
상품명:200g 당일로스팅 고급 아라비카 커피공장 홀빈 원두,커피그대로,200g,"판매가:8,100원",https://www.coffeegdero.com/web/product/medium/202309/69b7dc5d7e25e1ff60cdde26ad1df9ac.jpg,none,"상세정보 반품/교환정보 리뷰 (630) 상품Q&A (0) ## 커피원두 판매가 조정안내 ## 최근 세계적으로 생두가격, 환율, 수급 문제로 불가피하게 가격 인상이 진행중입니다. 최대한 최소 마진으로 보답하기위해 노력하겠습니다. 이점 널리 양해 바랍니다. 커피그대로고객만을 위한 등급혜택 갓볶은 원두만 배송 드리기 위한 일정! ※ 오전 9시 이전 주문은 당일 로스팅 출고합니다. ※ 오전 9시 이후 주문은 익일 로스팅 출고합니다. ※ 금요일 오전 9시 이후.. 월요일 로스팅 출고 ! ※ 토, 일, 공휴일 주문은 익일 평일 로스팅 출고합니다 ! ㅣ 싱글오리진 원두 12종 산미없는(강배전) 블렌딩원두 S01) 브라질 산토스 NY2 _ 8,100원 S02) 브라질 세하도 파인컵 NY2 _ 8,300원 S03) 브라질 옐로우버번 술데미나스 _ 10,000원 S04) 과테말라 안티구아 SHB _ 9,000원 S05) 콜롬비아 수프리모 후일라 _ 8,900원 S06) 인도네시아 만델링 G1 _ 9,500원 산미약한(중강배전) 원두 S07) 코스타리카 따라주 SHB _ 9,900원 S08) 케냐 AA PLUS 아이히더 _ 13,700원 산미약한(약중배전) 원두 S09) 에티오피아 예가체프 G2 _ 9,000원 S10) 에티오피아 모모라 구지 G1 _ 15,200원 산미높은(약배전) 원두 S11) 에티오피아 코케허니 G1 _ 11,800원 S12) 에티오피아 아리차 G1 _ 13,600원 ㅣ 블렌딩 원두 3종 산미없는(강배전) 블렌딩원두 B01) 100 아라비카 블렌딩 다크로이 _ 8,900원 산미없는(강배전) 블렌딩원두 B02) 100 아라비카 블렌딩 롱로이 _ 9,300원 산미약한(중배전) 블렌딩원두 B03) 100 아라비카 블렌딩 모아나 _ 10,200원 ㅣ 디카페인원두 2종 산미없는(강배전) 디카페인원두 D01) 디카페인 과테말라 SHB _ 14,300원 산미약한(중배전) 디카페인원두 D02) 디카페인 에티오피아 짐마 G4 _ 14,200원 ㅣ 싱글오리진 원두 12종 산미없는(강배전) 원두 S01.브라질 산토스 파인컵 NY2 S02.브라질 세하도 파인컵 NY2 S03. 브라질 옐로우버번 술데미나스 S04.과테말라 안티구아 SHB S05.콜롬비아 후일라 수프리모 S06.인도네시아 만델링 G1 산미약한(중강배전) 원두 S07.코스타리카 따라주 SHB S08.케냐 아이히더 AA PLUS 산미약한(약중배전) 원두 S09.에티오피아 예가체프 G2 S10.에티오피아 모모라구지 G1 산미높은(약배전) 원두 S11.에티오피아 코케허니 G1 S12.에티오피아 아리차 (내추럴) G1 ㅣ 블렌딩 원두 3종 산미없는(강배전) 블렌딩원두 B01.100%아라비카 블렌딩 다크로이 산미없는(강배전) 블렌딩원두 B02.100%아라비카 블렌딩 롱로이 산미약한(중배전) 블렌딩원두 B03.100%아라비카 블렌딩 모아나 ㅣ 디카페인원두 2종 산미없는(강배전) 디카페인원두 D01) 디카페인 과테말라 SHB 산미약한(중배전) 디카페인원두 D02) 디카페인 에티오피아 짐마 G4 분쇄선택 교환 및 반품 안내 주문 후 바로 로스팅하는 방식이므로 고객님의 주문실수, 단순변심 으로 인한 교환 및 반품이 불가 하오니 양해 부탁드립니다.",,,,NONE,TRUE,blend,none,none,none,none,none,none,none
상품명:500g 당일로스팅 고급 아라비카 커피공장 홀빈 원두,커피그대로,500g,"판매가:14,700원",https://www.coffeegdero.com/web/product/medium/202309/e19f7a14896648d6a5228a20f7a1a0a3.jpg,none,"상세정보 반품/교환정보 리뷰 (644) 상품Q&A (0) ## 커피원두 판매가 조정안내 ## 최근 세계적으로 생두가격, 환율, 수급 문제로 불가피하게 가격 인상이 진행중입니다. 최대한 최소 마진으로 보답하기위해 노력하겠습니다. 이점 널리 양해 바랍니다. 커피그대로고객만을 위한 등급혜택 갓볶은 원두만 배송 드리기 위한 일정! ※ 오전 9시 이전 주문은 당일 로스팅 출고합니다. ※ 오전 9시 이후 주문은 익일 로스팅 출고합니다. ※ 금요일 오전 9시 이후.. 월요일 로스팅 출고 ! ※ 토, 일, 공휴일 주문은 익일 평일 로스팅 출고합니다 ! ㅣ 싱글오리진 원두 12종 산미없는(강배전) 블렌딩원두 S01) 브라질 산토스 NY2 _ 14,700원 S02) 브라질 세하도 파인컵 NY2 _ 14,900원 S03) 브라질 옐로우버번 술데미나스 _ 18,100원 S04) 과테말라 안티구아 SHB _ 16,300원 S05) 콜롬비아 수프리모 후일라 _ 16,500원 S06) 인도네시아 만델링 G1 _ 17,500원 산미약한(중강배전) 원두 S07) 코스타리카 따라주 SHB _ 17,900원 S08) 케냐 AA PLUS 아이히더 _ 25,300원 산미약한(약중배전) 원두 S09) 에티오피아 예가체프 G2 _ 16,100원 S10) 에티오피아 모모라 구지 G1 _ 26,300원 산미높은(약배전) 원두 S11) 에티오피아 코케허니 G1 _ 21,900원 S12) 에티오피아 아리차 G1 _ 23,600원 ㅣ 블렌딩 원두 3종 산미없는(강배전) 블렌딩원두 B01) 100 아라비카 블렌딩 다크로이 _ 15,700원 산미없는(강배전) 블렌딩원두 B01) 100 아라비카 블렌딩 롱로이 _ 16,800원 산미약한(중배전) 블렌딩원두 B02) 100 아라비카 블렌딩 모아나 _ 17,800원 ㅣ 디카페인원두 2종 산미없는(강배전) 디카페인원두 D01) 디카페인 과테말라 SHB _ 25,000원 산미약한(중배전) 디카페인원두 D02) 디카페인 에티오피아 짐마 G4 _ 24,600원 ㅣ 싱글오리진 원두 12종 산미없는(강배전) 원두 S01.브라질 산토스 파인컵 NY2 S02.브라질 세하도 파인컵 NY2 S03. 브라질 옐로우버번 술데미나스 S04.과테말라 안티구아 SHB S05.콜롬비아 후일라 수프리모 S06.인도네시아 만델링 G1 산미약한(중강배전) 원두 S07.코스타리카 따라주 SHB S08.케냐 아이히더 AA PLUS 산미약한(약중배전) 원두 S09.에티오피아 예가체프 G2 S10.에티오피아 모모라구지 G1 산미높은(약배전) 원두 S11.에티오피아 코케허니 G1 S12.에티오피아 아리차 (내추럴) G1 ㅣ 블렌딩 원두 3종 산미없는(강배전) 블렌딩원두 B01.100%아라비카 블렌딩 다크로이 산미없는(강배전) 블렌딩원두 B02.100%아라비카 블렌딩 롱로이 산미약한(중배전) 블렌딩원두 B03.100%아라비카 블렌딩 모아나 ㅣ 디카페인원두 2종 산미없는(강배전) 디카페인원두 D01) 디카페인 과테말라 SHB 산미약한(중배전) 디카페인원두 D02) 디카페인 에티오피아 짐마 G4 분쇄선택 교환 및 반품 안내 주문 후 바로 로스팅하는 방식이므로 고객님의 주문실수, 단순변심 으로 인한 교환 및 반품이 불가 하오니 양해 부탁드립니다.",,,,NONE,TRUE,blend,none,none,none,none,none,none,none
상품명:에티오피아 아리차 내추럴 예가체프 G1 스페셜티 커피 원두홀빈 200g,커피그대로,200g,"판매가:13,600원",https://www.coffeegdero.com/web/product/medium/202309/92b6da5298e455bc2de13896bdc84741.jpg," 살구, 장미, 초콜릿, 망고, 건자두, 베리, 감귤류 / 밝은 산미, 시럽같은 감촉, 환상적인맛","상세정보 반품/교환정보 리뷰 (2,628) 상품Q&A (2) ## 커피원두 판매가 조정안내 ## 최근 세계적으로 생두가격, 환율, 수급 문제로 불가피하게 가격 인상이 진행중입니다. 최대한 최소 마진으로 보답하기위해 노력하겠습니다. 이점 널리 양해 바랍니다. 커피그대로고객만을 위한 등급혜택 갓볶은 원두만 배송 드리기 위한 일정! ※ 오전 9시 이전 주문은 당일 로스팅 출고합니다. ※ 오전 9시 이후 주문은 익일 로스팅 출고합니다. ※ 금요일 오전 9시 이후.. 월요일 로스팅 출고 ! ※ 토, 일, 공휴일 주문은 익일 평일 로스팅 출고합니다 ! 에티오피아 아리차(내추럴) 예가체프 G1 스페셜티 산미강한 커피원두 200g 500g 1kg 커피의 시작, 에티오피아 예가체프 최고의 맛! 아리차 G1 내추럴은 비옥한 토양 따뜻한 기후, 연중 풍부한 강수량 그리고 커피를 사랑하는 예가체프의 농부들이 함께 만든 커피, 아리차, 해발 2,000m의 초록숲이 우거진 밸리의 동쪽 기슭에 위치하며 바로 이곳이 예가체프 최고의 커피 경작지이다. ㅡ 싱그러운 과일 풍미와 밝은 산미의 달콤한 여운 ㅡ 커핑노트 살구, 장미, 초콜릿, 망고, 건자두, 베리, 감귤류 / 밝은 산미, 시럽같은 감촉, 환상적인맛 생산지역 : Ethiopia Yirgacheffe / 재배고도 : 2,150m 품종 : Heirloom / 재배시기 : 12월~3월 / 가공방식 : Natural ㅡ 에티오피아 커피 등급 G 1 . S p e c i a l t y 에티오피아의 커피 등급은 ECX 품질등급과 수출등급 두 가지 과정을 거쳐 분류된다. ECX(Ethiopia Commodity Exchange)는 에티오피아 현지에 지역별로 있는 농산물 선물거래소로, 생두 모양/크기 등 외관과 클리컵/산미/향/바디까지 따져 1차 커핑 점수를 매긴 후, 71점 이상(G3이상)이면 스페셜티 분류를 위해 2차 커핑을 다시 실시한다. 그 후 본사 ECX에서 진행하는 경매를 거쳐, 수출되기 전 CQIC(Coffee Quality Inspection Center)에서 수출을 위한 등급이 매겨진다. 우리가 흔히 알고 있는 등급은 CQIC에서 부여한 수출등급이며, 결점두의 포함정도를 축정해 등급을 구분한다. 에티오피아의 커피 등급은 생두 300g 당 결점두(defect)의 수에 따라 8등급으로 나뉜다. 결점두는 생두의 재배나 가공과정에서 생긴 비정상적 생두로, 커피의 품질을 떨어뜨린다. ㅡ 아리차 G1 내추럴 로스팅 포인트 커피그대로는 아리차 G1 내추럴 예가체프를 약배전으로 빠르게 로스팅합니다. 따라서 신맛, 콩향이 높아지고 쓴맛 바디감이 약해집니다. * 약배전, 빠른속도 = (산미)신맛, 콩향 증가 * 강배전, 느린속도 = 쓴맛, 단맛, 바디감 증가 ★ 서로 상대적입니다. 산미(신맛)이 증가하면 바디감 쓴맛이 줄고, 바디감이 증가하면, 산미(신맛)과 콩향이 줄어듭니다. 아리차 G1 내추럴 예가체프는 아로마가 매우 뛰어난 스페셜티입니다. 최대한 약배전으로 빠르게 로스팅하여 그 밝은 신맛과 다양한 아로마를 극대화 시킵니다. 여기서 중요한 것은 풍부한 향미 후에 나타나야 할 깊은 단 맛입니다. ㅡ 에티오피아를 커피의 고향이라고 하는 이유 .. 커피의 시작은 6~7세기경 에티오피아의 칼디(Kaldi)라는 목동에 의해 처음 발견되었다고 알려져 있다. 이것은 이른바 ‘칼디의 전설’이라 불리는 이야기로 별다른 이견 없이 정설로 받아들여지고 있다. 염소들이 빨간 열매(berry)를 따 먹고 흥분하여 뛰어다니는 광경을 목격한 칼디는 자신도 이 열매를 먹어보게 되었고, 그 결과 머리가 맑아지고 기분이 좋아지고 졸음을 방지하는 등 수양에 도움이 되는 신비의 열매로 알려지면서 커피는 여러 사원으로 퍼져 나갔고 이슬람 세력의 확장과 더불어 커피는 전 세계로 퍼져 나가게 되었다. Kaldi, Dancing Goats and the Discovery of the Coffee Bean ㅡ 에티오피아 예가체프(Yirgacheffe)가 유명한 이유.. 예가체프는 에티오피아 남부 SNNP(South Nations Nationalities and People)지역 내, 게데오존(Gedeo Zone)에 위치한 마을 입니다. 예가체프, 코케, 아리차, 콩가와 같이 국내 소비자들에게 널리 알려진 고급 스페셜티 커피들이 생산되는 지역이며 특히, 예가체프는 ‘커피의 귀부인’이라는 애칭이 붙을 정도로 세련된 꽃 향기와 달콤하면서 기분 좋은 산미, 부드러운 바디감으로 널리 사랑 받고 있다. 대부분의 지역이 해발고도 1,800m 이상의 고지대이며, 비옥한 적색토양과 따뜻한 날씨 덕분에 커피재배에 훌륭한 조건을 갖추고 있고, 대부분의 농장은 전통적인 방법을 고수하며 가족단위로 운영되고 있다. 예가체프는 콩의 모양이 일정치 않습니다. 예가체프는 병충해에 빈약하여 강한 농약을 사용할 수 없다. 대부분 사람손이 많이 타며 그로인해 자연커피 그 자체이다. 간 혹 예가체프의 콩이 크고 작고 비틀어졌다하여 좋지 않은 콩이라 착각하는 분들도 계신데, 이는 자연농법으로만 재배하기에 크기나 모양이 일정치 않은것이다. 분쇄선택 교환 및 반품 안내 주문 후 바로 로스팅하는 방식이므로 고객님의 주문실수, 단순변심 으로 인한 교환 및 반품이 불가 하오니 양해 부탁드립니다. ",Ethiopia Yirgacheffe /,Heirloom /,Natural,리뷰 로 보는 활용 가이드 이 커피는 신선한 향과 깊은 맛으로 사용자를 매료시킵니다. 많은 사용자들이 뛰어난 가성비와 품질에 극찬하고 있습니다. 향이 좋은 커피 뛰어난 가성비 깊은 맛 재구매 의사 사용자 유형 — 커피의 향과 맛을 중시하는 애호가 구매 이유 — 고품질의 커피를 합리적인 가격에 찾고자 함 활용 방식 — 원두를 직접 갈아 신선한 커피로 즐김 사용 시점 — 일상적으로 커피를 즐길 때 위 내용은 구매자들의 후기를 바탕으로 요약되었습니다.,FALSE,single_origin,2,4,3.5,1.5,3,4,4.5
생두 케냐 PB TOP,,,15500,,자몽,,케냐,"SL28, SL34, Ruiru11, Batian",Fully Washed,,FALSE,,,4,4,,3.5,4.5,4
생두 케냐 PB TOP,,,12200,,-,,에티오피아,"Wolisho, Dega",Washed,,FALSE,,,,,,,,
생두 케냐 PB TOP,,,37000,,"Chamomile, Plum, Grape, Hibiscus, Tropical (passion fruit, mango, lychee, pineapple, apple mango)",,콜롬비아,Sudan Rume,Natural,,FALSE,,,4,4,,4,4.5,4.5
생두 케냐 PB TOP,,,29500,,"Watermelon, Melon, Korea melon, Ice cream, Lingerling, Crispy",,콜롬비아,"Castillo, Caturra, Bourbon",Yeast Fermentation Washed,,FALSE,,,4.5,4,,4,4.5,5
생두 케냐 PB TOP,,,14500,,"귤, 군고구마, 우롱차, 밀크 초콜릿, 클린",,에티오피아,Heirlooms,Decaf,,TRUE,,,4,4,,4,4,3.5
생두 케냐 PB TOP,,,14500,,"Orange, Grape, Good body, Medium Acidity",,케냐,"SL28, SL34",Fully Washed,,FALSE,,,4,4.5,,4.5,4.5,4
생두 케냐 PB TOP,,,23500,,"건포도, 다크 초콜릿, 말린 살구, 로스티드 피넛, 호두, 브라운슈거",,예멘,Yemenia,Natural,,FALSE,,,3,4,,4.5,4.5,3
생두 케냐 PB TOP,,,13000,,"Bright acidity, Balanced, Excellent richness in the finish, Nutty and sweet",,파푸아 뉴기니,Typica,Washed,,FALSE,,,3,4,,5,4,3
생두 케냐 PB TOP,,,17000,,,,콜롬비아,Castillo,Thermal Shock Double Anaerobic Decaf Sugar Cane,,TRUE,,,3.5,4,,3.5,4,4
생두 케냐 PB TOP,,,13500,,"스모키향, 초콜릿, 쌉쌀한 단맛, 견과류 풍미",,과테말라,"Obata, Sarchimor",Washed,,FALSE,,,2.5,3.5,,4,4.5,3
생두 케냐 PB TOP,,,19500,,"Floral, White Sugar, Turkish delight, Rose",,콜롬비아,Caturra,INFUSED FERMENTATION,,FALSE,,,4,3.5,,3.5,4.5,5
생두 케냐 PB TOP,,,11500,,"Nutty, Walnut, Dark Chocolate, Miky Body",,인도네시아,"Sigarar Utang, Typica",Wet-hulled,,FALSE,,,3,4,,5,4,3
생두 케냐 PB TOP,,,11000,,"Medium acidity, Grain Sweet, dark chocolate, medium body",,코스타리카,"Catuai, Caturra",Washed/Sun Dried,,FALSE,,,3,4,,3.5,4,3.5
생두 케냐 PB TOP,,,23000,,"Fruits, Orange blossom, Tangerine Sorbet and Brown sugar",,콜롬비아,Caturra,INFUSED FERMENTATION,,FALSE,,,4,4,,3.5,3.5,4
생두 케냐 PB TOP,,,19500,,"Kiwi fruit, dried pineapple, dried cranberry, raisins, cane sugar, Tieguanyin tea",,코스타리카,Caturra /Catuai,Raisin Honey,,FALSE,,,3.5,3,,3,3.5,4
생두 케냐 PB TOP,,,14500,,"사과, 오렌지, 바닐라, 아몬드, 밀크초콜릿, 밸런스",,콜롬비아,"Castillo 50 %, Caturra 20 %, Colombia 30%",Washed,,FALSE,,,3.5,4,,4,4,3.5
생두 케냐 PB TOP,,,35000,,"레몬 캔디, 셔벗, 오렌지 블라썸, 자스민",,콜롬비아,Geisha,INFUSED FERMENTATION,,FALSE,,,4.5,4,,4,4,5
생두 케냐 PB TOP,,,11500,,"아몬드, 감귤, 청사과, 홍차, 브라운 슈거",,온두라스,Catuai,Washed,,FALSE,,,3,4,,4,4,3
생두 케냐 PB TOP,,,85000,,"Hazelnut, caramel, roasted almonds, cream, melon, sweet flavors",,코스타리카,Caturra,Natural,,FALSE,,,4,4.5,,4,4.5,3.5
생두 케냐 PB TOP,,,24500,,"Peach,Melon,Plum, Coconut, Orange peel / Citrus",,콜롬비아,Caturra,Dual fermentation,,FALSE,,,4,4,,4.5,4.5,5
생두 케냐 PB TOP,,,12500,,-,,에티오피아,Mixed Heirloom (Ethiopian Landrace Varieties),Washed,,FALSE,,,,,,,,
생두 케냐 PB TOP,,,13000,,"Blueberry, tropical berry, sugarcane, Rose, Apricot, Mango",,에티오피아,Mixed,Natural,,FALSE,,,4,4,,3.5,3.5,4.5
생두 케냐 PB TOP,,,11000,,"Lemon, Green Tea, Caramel",,에티오피아,Heirlooms,Washed,,FALSE,,,4,3,,3,3,3
생두 케냐 PB TOP,,,75000,,"Jasmine, Wild Ginger Flower, Grapefruit, Green Apple, Cane Sugar, Black Tea",,파나마,Geisha,Washed,,FALSE,,,3,4.5,,4,4.5,4
생두 케냐 PB TOP,,,69000,,"Vanilla, Almond, Green apple",,하와이,Typica,Washed,,FALSE,,,3.5,5,,4,4,3
생두 케냐 PB TOP,,,15500,,"Cashew Nut, Cracker, Raisin, Black Tea,Dried Apricot, Toffee, Medium Body",,콜롬비아,"Caturra, Typica, Bourbon *Supremo EP (SC 17/18)",Decaf,,TRUE,,,3.5,4,,4,4,4
생두 케냐 PB TOP,,,12000,,Sweet with citric acidity and a delicate mouth feel intense jasmine flavor with rose and caramel,,에티오피아,Kurume,Washed,,FALSE,,,4,4,,3.5,3.5,4.5
생두 케냐 PB TOP,,,68000,,"jasmin, Bergamot, Chamomile, Honey",,페루,Geisha,Washed,,FALSE,,,4,4.5,,3.5,4.5,4
페르소나 블렌드 ,이디야,200g,16300,,"다크 초콜릿, 캐러맬, 견과류, 부드러움",,"콜롬비아, 브라질, 에티오피아",,,,,,,2,,,,,
콜롬비아 슈프리모,이디야,200g,14800,,"바닐라, 아몬드, 고소함, 부드러움, 은은함",,콜롬비아,,,,,,,2,,,,,
케냐 오리진,이디야,200g,14400,,"묵직함, 과일향, 신맛",,케냐,,,,,,,3,,,,,
브라질 세라도,이디야,200g,14700,,"너트류, 호두",,브라질,,,,,,,1,,,,,
에티오피아 리무,이디야,200g,16300,,"은은함, 플로럴, 케인 슈가",,에티오피아,,,,,,,3,,,,,
미디움 에스프레소,이디야,500g,26200,,,,"브리질, 콜롬비아",,,,,,,,,,,,
풀 어센틱,맥심,1kg,32600,,"다크 초콜릿, 진한 로스팅 향미, 스모키함, 호두, 묵직함","맥심의 시그니처 블렌드 라인업 중 하나인 Full Authentic은 스모키한 다크 초콜릿 향이 존재감 있게 퍼지는 커피입니다. 다크 로스팅된 원두 고유의 깊은 맛이 풍부하게 살아나죠. 커피 종류 중, 가장 깊고 진한 에스프레소만이 가진 크레마가 커피 위에 그려지는 모습을 형상화한 패키지 디자인도 함께 즐겨보세요.","과테말라, 콜롬비아, 인도네시아, 브라질",,,,카페인,블렌드,6(7점 만점),3,,,8,,
풀 밸런스,맥심,1kg,32600,,"초콜릿, 견과류, 풍부한 향미, 높은 바디감, 벨벳 같은 부드러움","맥심의 시그니처 블렌드 라인업 중 하나인 Full Balance는 초콜릿 향미와 묵직한 바디감, 풍부한 향미가 매력적인 커피입니다. 커피를 만드는 데 중요한 역할을 하는 토양이 가진 본연의 깊은 향을 형상화한 패키지 디자인도 함께 즐겨 보세요.","과테말라, 코스타리카, 콜롬비아 ",,,,카페인,블렌드,4(7점 만점),4,,,9,,
미디엄 밸런스,맥심,1kg,32600,,"우수한 균형감, 아몬드, 헤이즐넛, 자몽, 달콤 쌉싸름함, 크림 같은 부드러움",맥심의 시그니처 블렌드 라인업 중 하나인 Medium Balance는 고소한 아몬드와 달콤 쌈싸름한 자몽의 향미가 깔끔하게 발현되는 커피입니다. 균형감 있게 미드 로스팅 되어 원두 고유의 깊은 맛이 풍부하게 살아나죠. 커피의 중요한 생육 조건 중 하나인 태양의 축복을 형상화한 패키지 디자인도 함께 즐겨보세요.,"과테말라, 코스타리카, 케냐",,,,카페인,블렌드,3(7점 만점),7,,,9,,
라이트 밸런스,맥심,1kg,32600,,"잘 익은 감귤류, 과즙, 꽃내음, 사탕수수, 긴 여운","맥심의 시그니처 블렌드 라인업 중 하나인 Light Balance는 잘 익은 감귤의 맛괴 꽃내음을 느끼기 좋은 커피입니다. 가볍게 로스팅되어, 적당한 산미와 함께 원두 고유의 달콤한 맛이 풍부하게 살아납니다. 커피가 추출되는 순간에 퍼지는 커피 방울의 신선함을 형상화한 패키지 디자인도 함께 즐겨보세요.","에티오피아, 케냐, 과테말라 ",,,,카페인,블렌드,2(7점 만점),8,,,6,,
라이트 블로섬,맥심,1kg,32600,,"재스민, 상쾌한 산미, 살구, 홍차, 섬세함, 부드러운 단맛",맥심의 시그니처 블렌드 라인업 중 하나인 Light Blossom은 입안에서 봄꽃처럼 만개하는 살구의 상큼한 산미를 느낄 수 있는 커피입니다. 홍차의 은은한 향미와 부드러운 단맛을 느껴보세요. 감귤류의 과육 모양을 형상화한 패키지 디자인도 함께 즐겨보세요.,"에티오피아, 케냐, 코스타리카",,,,카페인,블렌드,1(7점 만점),9,,,7,,
벨베티 블랙,카누,200g,14700,,"스모키, 카카오, 벨벳, 호두, 묵직함, 달콤 쌉싸름",중남미와 아프리카 지역의 프리미엄 원두로 다크 로스팅한 제품. 묵직한 무게감 속 스모키한 향과 달콤쌉싸름한 풍미. 그리고 벨벳처럼 중후한 목 넘김이 특징.,"과테말라, 코스타리카, 브라질, 에티오피아",,,,카페인,블렌드,6(7점 만점),1,,,4,,
크리미 버건디,카누,200g,14700,,"고소함, 견과류, 크리미, 캐러맬, 밀크 초콜릿",중남미와 아프리카 지역의 프리미엄 원두로 미디엄 로스팅한 제품. 견과류의 진하고 고소한 풍미와 적정한 산미가 균형을 이루며 크림처럼 부드러운 목 넘김이 특징.,"과테말라, 콜롬비아, 브라질, 에티오피아",,,,카페인,블렌드,4(7점 만점),3,,,4,,
실키 베이지,카누,200g,14700,,"과일류, 깔끔함, 매끄러움, 재스민",아프리카와 중남미 지역의 프리미엄 원두로 라이트 로스팅한 제품. 과일류엣 ㅓ느껴지는 매력적인 산미와 매끄러운 목 넘김. 깔끔한 뒷맛이 특징.,"에티오피아, 케냐, 콜롬비아, 코스타리카",,,,카페인,블렌드,3(7점 만점),4,,,3,,
벨베티 블랙,카누,200g,14700,,"스모키, 카카오, 벨벳, 호두, 묵직함, 달콤 쌉싸름",중남미와 아프리카 지역의 프리미엄 원두로 다크 로스팅한 제품. 묵직한 무게감 속 스모키한 향과 달콤쌉싸름한 풍미. 그리고 벨벳처럼 중후한 목 넘김이 특징.,"과테말라, 코스타리카, 브라질, 에티오피아",,,,카페인,블렌드,6(7점 만점),1,,,4,,
크리미 버건디,카누,200g,14700,,"고소함, 견과류, 크리미, 캐러맬, 밀크 초콜릿",중남미와 아프리카 지역의 프리미엄 원두로 미디엄 로스팅한 제품. 견과류의 진하고 고소한 풍미와 적정한 산미가 균형을 이루며 크림처럼 부드러운 목 넘김이 특징.,"과테말라, 콜롬비아, 브라질, 에티오피아",,,,카페인,블렌드,4(7점 만점),3,,,4,,
실키 베이지,카누,200g,14700,,"과일류, 깔끔함, 매끄러움, 재스민",아프리카와 중남미 지역의 프리미엄 원두로 라이트 로스팅한 제품. 과일류엣 ㅓ느껴지는 매력적인 산미와 매끄러운 목 넘김. 깔끔한 뒷맛이 특징.,"에티오피아, 케냐, 콜롬비아, 코스타리카",,,,카페인,블렌드,3(7점 만점),4,,,3,,
콜롬비아 톨리마,카누,200g,15900,,"사과, 호두, 자두, 산뜻함, 고소함",,콜롬비아,,,,카페인,싱글 오리진,4(7점 만점),4,,,4,,
벨베티 블랙,카누,1kg,41900,,"스모키, 카카오, 벨벳, 호두, 묵직함, 달콤 쌉싸름",중남미와 아프리카 지역의 프리미엄 원두로 다크 로스팅한 제품. 묵직한 무게감 속 스모키한 향과 달콤쌉싸름한 풍미. 그리고 벨벳처럼 중후한 목 넘김이 특징.,"과테말라, 코스타리카, 브라질, 에티오피아",,,,카페인,블렌드,6(7점 만점),1,,,4,,
크리미 버건디,카누,1kg,41900,,"고소함, 견과류, 크리미, 캐러맬, 밀크 초콜릿",중남미와 아프리카 지역의 프리미엄 원두로 미디엄 로스팅한 제품. 견과류의 진하고 고소한 풍미와 적정한 산미가 균형을 이루며 크림처럼 부드러운 목 넘김이 특징.,"과테말라, 콜롬비아, 브라질, 에티오피아",,,,카페인,블렌드,4(7점 만점),3,,,4,,
실키 베이지,카누,1kg,41900,,"과일류, 깔끔함, 매끄러움, 재스민",아프리카와 중남미 지역의 프리미엄 원두로 라이트 로스팅한 제품. 과일류엣 ㅓ느껴지는 매력적인 산미와 매끄러운 목 넘김. 깔끔한 뒷맛이 특징.,"에티오피아, 케냐, 콜롬비아, 코스타리카",,,,카페인,블렌드,3(7점 만점),4,,,3,,
